spp_code,rmin_binned,VD.median,MST.median,ER.median,CR.median,spp_name_ucbg,spp_name_WP,canonical_author,genus_WP,family_WP,order_apg4,clade,sampling_date_YYYYMMDD,collectors,accession_number,ucbg_bed,ucbg_area,growth_form,evol_distinct
Abe_mex,0.3,5.584796468,0.740251642,0.663057126,0.65067166,Abelia mexicana,Abelia mexicana,Villarreal,Abelia,Caprifoliaceae,Dipsacales,asterids,20210726; 20210922,"Mickey,Somona,James; Ilaine",931304,359,Mexico/Central America,shrub,0.0968
Abe_mex,0.6,3.332213477,0.825799565,0.7461681609999999,0.619513169,Abelia mexicana,Abelia mexicana,Villarreal,Abelia,Caprifoliaceae,Dipsacales,asterids,20210726; 20210922,"Mickey,Somona,James; Ilaine",931304,359,Mexico/Central America,shrub,0.0968
Abe_mex,0.9,0.306659766,0.993086487,0.06639750000000011,0.434623801,Abelia mexicana,Abelia mexicana,Villarreal,Abelia,Caprifoliaceae,Dipsacales,asterids,20210726; 20210922,"Mickey,Somona,James; Ilaine",931304,359,Mexico/Central America,shrub,0.0968
Aex_pun,0.3,4.4392913235,0.6504780505000001,0.7319682505,0.6805972174999999,Aextoxicon punctatum,Aextoxicon punctatum,Ruiz & Pav.,Aextoxicon,Aextoxicaceae,Berberidopsidales,rosids,20210802; 20210920,"Mickey, Somona, Ethan; Ilaine",730753,601,South-America,tree,0.2984
Aex_pun,0.6,0.17455499,0.987610655,1.8837503999999998,0.490074105,Aextoxicon punctatum,Aextoxicon punctatum,Ruiz & Pav.,Aextoxicon,Aextoxicaceae,Berberidopsidales,rosids,20210802; 20210920,"Mickey, Somona, Ethan; Ilaine",730753,601,South-America,tree,0.2984
Aex_pun,0.9,0.08186642599999999,0.9957963435,1.292654806,0.6559412185,Aextoxicon punctatum,Aextoxicon punctatum,Ruiz & Pav.,Aextoxicon,Aextoxicaceae,Berberidopsidales,rosids,20210802; 20210920,"Mickey, Somona, Ethan; Ilaine",730753,601,South-America,tree,0.2984
Ale_cor,0.3,5.721777032,0.705505577,0.6641618330000001,0.659856339,Alectryon coriaceus,Alectryon coriaceus,(Benth.) Radlk.,Alectryon,Sapindaceae,Sapindales,rosids,20210504; 20210907,Mickey Adrian,20030360,513,Australasia,tree,0.0418
Ale_cor,0.6,0.39588664949999997,0.9836787415,3.0152352645000002,0.32516606,Alectryon coriaceus,Alectryon coriaceus,(Benth.) Radlk.,Alectryon,Sapindaceae,Sapindales,rosids,20210504; 20210907,Mickey Adrian,20030360,513,Australasia,tree,0.0418
Ale_cor,0.9,0.100950953,0.997716772,3.014682766,0.35446229,Alectryon coriaceus,Alectryon coriaceus,(Benth.) Radlk.,Alectryon,Sapindaceae,Sapindales,rosids,20210504; 20210907,Mickey Adrian,20030360,513,Australasia,tree,0.0418
Als_lig,0.3,2.598856566,0.542979745,28.250072375,0.0314851815,Alstroemeria ligtu,Alstroemeria ligtu,L.,Alstroemeria,Alstroemeriaceae,Liliales,monocots,20210426; 20210825,"Mickey, Adrian, Noah; Ilaine, Mickey",830808,609,South-America,herb,0.0418
Als_lig,0.6,2.5711461,0.540283249,24.51496875,0.050428094,Alstroemeria ligtu,Alstroemeria ligtu,L.,Alstroemeria,Alstroemeriaceae,Liliales,monocots,20210426; 20210825,"Mickey, Adrian, Noah; Ilaine, Mickey",830808,609,South-America,herb,0.0418
Als_lig,0.9,0.9683070375,0.903929464,10.05885649,0.116025779,Alstroemeria ligtu,Alstroemeria ligtu,L.,Alstroemeria,Alstroemeriaceae,Liliales,monocots,20210426; 20210825,"Mickey, Adrian, Noah; Ilaine, Mickey",830808,609,South-America,herb,0.0418
Ane_cal,0.3,4.505883753,0.759563437,0.7305130360000001,0.571167953,Anemopsis californica,Anemopsis californica,(Nutt.) Hook. & Arn.,Anemopsis,Saururaceae,Piperales,basal angiosperms,20210602; 20210922,"MIckey, Adrian, Ilaine, Sophia, Frances; Mickey",620082,3A,California,aquatic,0.1344
Ane_cal,0.6,0.311225764,0.941906253,1.3990536210000002,0.415011342,Anemopsis californica,Anemopsis californica,(Nutt.) Hook. & Arn.,Anemopsis,Saururaceae,Piperales,basal angiosperms,20210602; 20210922,"MIckey, Adrian, Ilaine, Sophia, Frances; Mickey",620082,3A,California,aquatic,0.1344
Ane_cal,0.9,0.050234538,0.884711024,0.3040427539999999,0.334134057,Anemopsis californica,Anemopsis californica,(Nutt.) Hook. & Arn.,Anemopsis,Saururaceae,Piperales,basal angiosperms,20210602; 20210922,"MIckey, Adrian, Ilaine, Sophia, Frances; Mickey",620082,3A,California,aquatic,0.1344
Arg_spi,0.3,5.385542934,0.678858521,1.4953615550000001,0.498689286,Argania spinosa,Argania spinosa,(L.) Skeels,Argania,Sapotaceae,Ericales,asterids,20210519,"Ilaine, Mickey, Gideon",20030221,706,Mediterranean,tree,0.0808
Arg_spi,0.9,0.1388292425,0.9277673475,4.944946903,0.296432598,Argania spinosa,Argania spinosa,(L.) Skeels,Argania,Sapotaceae,Ericales,asterids,20210519,"Ilaine, Mickey, Gideon",20030221,706,Mediterranean,tree,0.0808
Ari_bae,0.3,5.5278824695,0.741267172,0.6075612644999999,0.667195148,Aristolochia baetica,Aristolochia baetica,L.,Aristolochia,Aristolochiaceae,Piperales,basal angiosperms,20210519,"Ilaine, Mickey, Gideon",20120405,704,Mediterranean,climbing,0.0483
Ari_bae,0.6,0.7236437325,0.975745082,1.643883279,0.366508666,Aristolochia baetica,Aristolochia baetica,L.,Aristolochia,Aristolochiaceae,Piperales,basal angiosperms,20210519,"Ilaine, Mickey, Gideon",20120405,704,Mediterranean,climbing,0.0483
Ari_bae,0.9,0.10867906999999999,0.9916443749999999,0.14652902699999992,0.355273963,Aristolochia baetica,Aristolochia baetica,L.,Aristolochia,Aristolochiaceae,Piperales,basal angiosperms,20210519,"Ilaine, Mickey, Gideon",20120405,704,Mediterranean,climbing,0.0483
Asi_tri,0.3,3.060206324,0.734675215,0.604479233,0.676512534,Asimina triloba,Asimina triloba,(L.) Dunal,Asimina,Annonaceae,Magnoliales,basal angiosperms,20210707,"Mickey,Adrian,Sonoma,Nguyen, Lisa, James, Jason",822026,305,Eastern North America,tree,0.162
Asi_tri,0.6,0.235110555,0.97917053,1.3998627199999998,0.533269679,Asimina triloba,Asimina triloba,(L.) Dunal,Asimina,Annonaceae,Magnoliales,basal angiosperms,20210707,"Mickey,Adrian,Sonoma,Nguyen, Lisa, James, Jason",822026,305,Eastern North America,tree,0.162
Asi_tri,0.9,0.11582773099999999,0.994154438,1.496562373,0.5707083895,Asimina triloba,Asimina triloba,(L.) Dunal,Asimina,Annonaceae,Magnoliales,basal angiosperms,20210707,"Mickey,Adrian,Sonoma,Nguyen, Lisa, James, Jason",822026,305,Eastern North America,tree,0.162
Asp_obl,0.3,0.7376466735,0.998117672,3.3473131185000002,0.295624714,Asplenium oblongifolium,Asplenium oblongifolium,Colenso,Asplenium,Aspleniaceae,Polypodiales,ferns,20210421; 20210927,"Mickey, Adrian,Jason; Ilaine, James",720613,508,Australasia,herb,0.1232
Asp_obl,0.6,0.642755968,0.9988634080000001,3.347353877,0.2956291655,Asplenium oblongifolium,Asplenium oblongifolium,Colenso,Asplenium,Aspleniaceae,Polypodiales,ferns,20210421; 20210927,"Mickey, Adrian,Jason; Ilaine, James",720613,508,Australasia,herb,0.1232
Asp_obl,0.9,0.056617954,0.995886431,3.3474512175,0.295639663,Asplenium oblongifolium,Asplenium oblongifolium,Colenso,Asplenium,Aspleniaceae,Polypodiales,ferns,20210421; 20210927,"Mickey, Adrian,Jason; Ilaine, James",720613,508,Australasia,herb,0.1232
Ast_ban,0.3,2.172157662,0.508870251,25.04858341,0.094701062,Astelia banksii,Astelia banksii,A.Cunn.,Astelia,Asteliaceae,Asparagales,monocots,20210504,Mickey Adrian,920973,511B,Australasia,herb,0.1172
Ast_ban,0.6,0,1,85.493760625,0.0324616115,Astelia banksii,Astelia banksii,A.Cunn.,Astelia,Asteliaceae,Asparagales,monocots,20210504,Mickey Adrian,920973,511B,Australasia,herb,0.1172
Ast_ban,0.9,0,0,5.244489559,0.362443088,Astelia banksii,Astelia banksii,A.Cunn.,Astelia,Asteliaceae,Asparagales,monocots,20210504,Mickey Adrian,920973,511B,Australasia,herb,0.1172
Bar_pur,0.6,5.393390621,0.622281749,37.97672124,0.074624252,Barbacenia purpurea,Barbacenia purpurea,Hook.,Barbacenia,Velloziaceae,Pandanales,monocots,20210811,"James, Ilaine, Corina",NA,Greenhouse 2,Tropical house,shrub,0.1224
Bar_pur,0.9,0.492245431,1,15.263374070000001,0.090877875,Barbacenia purpurea,Barbacenia purpurea,Hook.,Barbacenia,Velloziaceae,Pandanales,monocots,20210811,"James, Ilaine, Corina",NA,Greenhouse 2,Tropical house,shrub,0.1224
Beg_for,0.3,2.396299117,0.716028442,0.778416196,0.606896593,Begonia formosa,Begonia formosa,(Hayata) Masam.,Begonia,Begoniaceae,Cucurbitales,rosids,20210315,"Mickey, Ilaine, Adrian, Eric",20050211,220C,Asia,herb,0.0371
Beg_for,0.6,0.078182446,0.969768734,0.2758557610000001,0.39707122500000003,Begonia formosa,Begonia formosa,(Hayata) Masam.,Begonia,Begoniaceae,Cucurbitales,rosids,20210315,"Mickey, Ilaine, Adrian, Eric",20050211,220C,Asia,herb,0.0371
Beg_for,0.9,0.022273222,0.975948942,0.276867089,0.37996149,Begonia formosa,Begonia formosa,(Hayata) Masam.,Begonia,Begoniaceae,Cucurbitales,rosids,20210315,"Mickey, Ilaine, Adrian, Eric",20050211,220C,Asia,herb,0.0371
Bei_tar,0.3,5.370629029,0.6766151250000001,0.5705246095,0.6979636625,Beilschmiedia tarairi,Beilschmiedia tarairi,(A. Cunn.) Kirk,Beilschmiedia,Lauraceae,Laurales,basal angiosperms,20210331,"Mickey, Adrian",20010025,513,Australasia,tree,0.0918
Bei_tar,0.6,1.204705263,0.94446354,0.7398305780000001,0.584868549,Beilschmiedia tarairi,Beilschmiedia tarairi,(A. Cunn.) Kirk,Beilschmiedia,Lauraceae,Laurales,basal angiosperms,20210331,"Mickey, Adrian",20010025,513,Australasia,tree,0.0918
Bei_tar,0.9,0.141976082,0.990407635,1.657290337,0.51576533,Beilschmiedia tarairi,Beilschmiedia tarairi,(A. Cunn.) Kirk,Beilschmiedia,Lauraceae,Laurales,basal angiosperms,20210331,"Mickey, Adrian",20010025,513,Australasia,tree,0.0918
Bux_har,0.3,6.785980509,0.539469073,2.774865878,0.426540455,Buxus harlandii,Buxus harlandii,Hance,Buxus,Buxaceae,Buxales,basal eudicots,20210803; 20210913,"Ilaine, Mickey, Adrian; Ilaine, James",790114,242,Asia,shrub,0.1312
Bux_har,0.6,4.937971326,0.694689928,4.138205871,0.302810895,Buxus harlandii,Buxus harlandii,Hance,Buxus,Buxaceae,Buxales,basal eudicots,20210803; 20210913,"Ilaine, Mickey, Adrian; Ilaine, James",790114,242,Asia,shrub,0.1312
Bux_har,0.9,1.551110824,0.967950126,2.1397904,0.467325215,Buxus harlandii,Buxus harlandii,Hance,Buxus,Buxaceae,Buxales,basal eudicots,20210803; 20210913,"Ilaine, Mickey, Adrian; Ilaine, James",790114,242,Asia,shrub,0.1312
Cal_nut,0.3,7.67627e-4,1,59.36545006,0.050261099,Calamagrostis nutkaensis,Deyeuxia nutkaensis,(J. Presl) Steud.,Deyeuxia,Poaceae,Poales,monocots,20210616,"Mickey, Adrian, Somona, James, Sophia",891820,4,California,herb,0.013
Cal_nut,0.6,0,1,15.689440165,0.1700389685,Calamagrostis nutkaensis,Deyeuxia nutkaensis,(J. Presl) Steud.,Deyeuxia,Poaceae,Poales,monocots,20210616,"Mickey, Adrian, Somona, James, Sophia",891820,4,California,herb,0.013
Cal_nut,0.9,0,0,1.627466191,0.638481075,Calamagrostis nutkaensis,Deyeuxia nutkaensis,(J. Presl) Steud.,Deyeuxia,Poaceae,Poales,monocots,20210616,"Mickey, Adrian, Somona, James, Sophia",891820,4,California,herb,0.013
Cal_pan,0.3,2.379536398,0.697954299,0.63842025,0.695861277,Caldcluvia paniculosa,Ackama paniculosa,(F.Muell.) Hoogland,Ackama,Cunoniaceae,Oxalidales,rosids,20210331; 20210915,"Mickey, Adrian; Mickey, James",20010597,513,Australasia,tree,0.092
Cal_pan,0.6,0.9226235,0.898105494,0.9029746729999999,0.638237202,Caldcluvia paniculosa,Ackama paniculosa,(F.Muell.) Hoogland,Ackama,Cunoniaceae,Oxalidales,rosids,20210331; 20210915,"Mickey, Adrian; Mickey, James",20010597,513,Australasia,tree,0.092
Cal_pan,0.9,0.210584919,0.998193785,2.448723394,0.510127917,Caldcluvia paniculosa,Ackama paniculosa,(F.Muell.) Hoogland,Ackama,Cunoniaceae,Oxalidales,rosids,20210331; 20210915,"Mickey, Adrian; Mickey, James",20010597,513,Australasia,tree,0.092
Cam_sin,0.3,4.362301099,0.755072543,0.7177780520000001,0.626954664,Camellia sinensis,Camellia sinensis,(L.) Kuntze,Camellia,Theaceae,Ericales,asterids,20210224,"Ilaine, Mickey, Eric",820215,235,Asia,tree,0.0496
Cam_sin,0.6,0.997310536,0.901362895,0.9412444339999999,0.543500456,Camellia sinensis,Camellia sinensis,(L.) Kuntze,Camellia,Theaceae,Ericales,asterids,20210224,"Ilaine, Mickey, Eric",820215,235,Asia,tree,0.0496
Cam_sin,0.9,0.24373366549999997,0.980555761,1.2381867635000001,0.511229301,Camellia sinensis,Camellia sinensis,(L.) Kuntze,Camellia,Theaceae,Ericales,asterids,20210224,"Ilaine, Mickey, Eric",820215,235,Asia,tree,0.0496
Can_can,0.3,3.4408903845,0.7394673780000001,1.044794291,0.535593729,Canarina canariensis,Canarina canariensis,(L.) Vatke,Canarina,Campanulaceae,Asterales,asterids,20210517,"Mickey, Ilaine, Gideon",611429,707B,Mediterranean,climbing,0.0692
Can_can,0.6,0.107567606,1,0.9323010540000001,0.44130797,Canarina canariensis,Canarina canariensis,(L.) Vatke,Canarina,Campanulaceae,Asterales,asterids,20210517,"Mickey, Ilaine, Gideon",611429,707B,Mediterranean,climbing,0.0692
Can_can,0.9,0.010221663,1,0.936816259,0.441341448,Canarina canariensis,Canarina canariensis,(L.) Vatke,Canarina,Campanulaceae,Asterales,asterids,20210517,"Mickey, Ilaine, Gideon",611429,707B,Mediterranean,climbing,0.0692
Car_pal,0.3,3.778805868,0.648960126,0.552157631,0.64207274,Carya palmeri,Carya palmeri,W.E. Manning,Carya,Juglandaceae,Fagales,rosids,20210726,"Mickey,Somona,James",970479,378,Mexico/Central America,tree,0.0705
Car_pal,0.6,1.03152084,0.8642842685000001,1.54812137,0.318980641,Carya palmeri,Carya palmeri,W.E. Manning,Carya,Juglandaceae,Fagales,rosids,20210726,"Mickey,Somona,James",970479,378,Mexico/Central America,tree,0.0705
Car_pal,0.9,0.3231924005,0.9658601979999999,0.574393308,0.5678204495,Carya palmeri,Carya palmeri,W.E. Manning,Carya,Juglandaceae,Fagales,rosids,20210726,"Mickey,Somona,James",970479,378,Mexico/Central America,tree,0.0705
Car_pen,0.3,5.168141685,0.41002343,20.67414698,0.129176445,Carex pendula,Carex agastachys,Huds.,Carex,Cyperaceae,Poales,monocots,20210526,"Mickey, Adrian,Gideon",20120329,703,Mediterranean,herb,0.0107
Car_pen,0.6,3.9454418760000003,0.6597625195,18.213296005,0.12246836450000001,Carex pendula,Carex agastachys,Huds.,Carex,Cyperaceae,Poales,monocots,20210526,"Mickey, Adrian,Gideon",20120329,703,Mediterranean,herb,0.0107
Car_pen,0.9,0.088613029,1,1.9178915810000001,0.425982292,Carex pendula,Carex agastachys,Huds.,Carex,Cyperaceae,Poales,monocots,20210526,"Mickey, Adrian,Gideon",20120329,703,Mediterranean,herb,0.0107
Cat_edu,0.3,3.863424712,0.679659516,0.903152194,0.627897487,Catha edulis,Catha edulis,Forssk.,Catha,Celastraceae,Celastrales,rosids,20210208; 20210802,"Mickey, Ilaine, Ben; Mickey, Ilaine, Ethan",780415,143,Africa,tree,0.1571
Cat_edu,0.6,0.779631256,0.972652302,3.5812726980000003,0.187819617,Catha edulis,Catha edulis,Forssk.,Catha,Celastraceae,Celastrales,rosids,20210208; 20210802,"Mickey, Ilaine, Ben; Mickey, Ilaine, Ethan",780415,143,Africa,tree,0.1571
Cat_edu,0.9,0.067367526,1,2.088321636,0.22242366,Catha edulis,Catha edulis,Forssk.,Catha,Celastraceae,Celastrales,rosids,20210208; 20210802,"Mickey, Ilaine, Ben; Mickey, Ilaine, Ethan",780415,143,Africa,tree,0.1571
Cel_aus,0.3,0.088005902,0.653468603,0.5855888140000001,0.706923857,Celtis australis,Celtis australis,L.,Celtis,Cannabaceae,Rosales,rosids,20210519,"Ilaine, Mickey, Gideon",790592,701,Mediterranean,tree,0.1721
Cel_aus,0.6,0.0471024605,0.803359077,0.645108256,0.662729295,Celtis australis,Celtis australis,L.,Celtis,Cannabaceae,Rosales,rosids,20210519,"Ilaine, Mickey, Gideon",790592,701,Mediterranean,tree,0.1721
Cel_aus,0.9,0.008825445500000001,0.9859614375000001,3.09911509,0.2311778445,Celtis australis,Celtis australis,L.,Celtis,Cannabaceae,Rosales,rosids,20210519,"Ilaine, Mickey, Gideon",790592,701,Mediterranean,tree,0.1721
Cel_ten,0.3,3.3311016575,0.6900502135,0.6001595430000001,0.6850834495,Celtis tenufolia,Celtis tenuifolia,Nutt.,Celtis,Cannabaceae,Rosales,rosids,20210726,"Mickey,Somona,James",820564,304,Eastern North America,tree,0.1721
Cel_ten,0.6,0.682295919,0.961188504,1.333931556,0.433619099,Celtis tenufolia,Celtis tenuifolia,Nutt.,Celtis,Cannabaceae,Rosales,rosids,20210726,"Mickey,Somona,James",820564,304,Eastern North America,tree,0.1721
Cel_ten,0.9,0.159196746,0.9996577529999999,0.7103180189999999,0.334582225,Celtis tenufolia,Celtis tenuifolia,Nutt.,Celtis,Cannabaceae,Rosales,rosids,20210726,"Mickey,Somona,James",820564,304,Eastern North America,tree,0.1721
Chi_nit,0.3,2.0055486140000003,0.7253865690000001,0.5737060485000001,0.7074335764999999,Chimonanthus nitens,Chimonanthus nitens,Oliv.,Chimonanthus,Calycanthaceae,Laurales,basal angiosperms,20210317,"Mickey, Ilaine, Adrian, Eric",760477,245C,Asia,tree,0.1099
Chi_nit,0.6,0.223700642,0.9889324365000001,2.8492746675,0.2807028075,Chimonanthus nitens,Chimonanthus nitens,Oliv.,Chimonanthus,Calycanthaceae,Laurales,basal angiosperms,20210317,"Mickey, Ilaine, Adrian, Eric",760477,245C,Asia,tree,0.1099
Chi_nit,0.9,0.068241093,0.998224943,1.7233424400000001,0.362688912,Chimonanthus nitens,Chimonanthus nitens,Oliv.,Chimonanthus,Calycanthaceae,Laurales,basal angiosperms,20210317,"Mickey, Ilaine, Adrian, Eric",760477,245C,Asia,tree,0.1099
Chl_spi,0.3,2.826741337,0.811610561,0.842814677,0.592412426,Chloranthus spicatus,Chloranthus spicatus,(Thunb.) Makino,Chloranthus,Chloranthaceae,Chloranthales,basal angiosperms,20210816,Mickey,870468,Greenhouse 2,Tropical house,shrub,0.3052
Chl_spi,0.6,0.118129441,0.989999895,2.471531835,0.318556854,Chloranthus spicatus,Chloranthus spicatus,(Thunb.) Makino,Chloranthus,Chloranthaceae,Chloranthales,basal angiosperms,20210816,Mickey,870468,Greenhouse 2,Tropical house,shrub,0.3052
Chl_spi,0.9,0.063564413,0.994591769,0.975752333,0.432392583,Chloranthus spicatus,Chloranthus spicatus,(Thunb.) Makino,Chloranthus,Chloranthaceae,Chloranthales,basal angiosperms,20210816,Mickey,870468,Greenhouse 2,Tropical house,shrub,0.3052
Cis_ant,0.3,6.187800644,0.675903846,0.6793719579999999,0.649193631,Cissus antarctica,Cissus antarctica,Vent.,Cissus,Vitaceae,Vitales,rosids,20210329,"Ilaine, Mickey, Adrian, James",20010620,505,Australasia,climbing,0.1069
Cis_ant,0.6,0.589410194,0.976237837,1.1798309749999998,0.503997282,Cissus antarctica,Cissus antarctica,Vent.,Cissus,Vitaceae,Vitales,rosids,20210329,"Ilaine, Mickey, Adrian, James",20010620,505,Australasia,climbing,0.1069
Cis_ant,0.9,0.09263275800000001,0.993736029,0.7742546874999999,0.4395439335,Cissus antarctica,Cissus antarctica,Vent.,Cissus,Vitaceae,Vitales,rosids,20210329,"Ilaine, Mickey, Adrian, James",20010620,505,Australasia,climbing,0.1069
Cis_pop,0.3,7.999399303,0.707967334,0.6332350259999999,0.644899907,Cistus populifolius,Cistus populifolius,L.,Cistus,Cistaceae,Malvales,rosids,20210517,"Mickey, Ilaine, Gideon",20041097,700B,Mediterranean,shrub,0.0222
Cis_pop,0.6,1.257282475,0.9445628845,0.9705182775000001,0.5512605595,Cistus populifolius,Cistus populifolius,L.,Cistus,Cistaceae,Malvales,rosids,20210517,"Mickey, Ilaine, Gideon",20041097,700B,Mediterranean,shrub,0.0222
Cis_pop,0.9,0.18766892200000002,0.9931996245,1.0313852540000001,0.30216624400000003,Cistus populifolius,Cistus populifolius,L.,Cistus,Cistaceae,Malvales,rosids,20210517,"Mickey, Ilaine, Gideon",20041097,700B,Mediterranean,shrub,0.0222
Cit_mon,0.3,5.5340972755,0.6836806895,0.6685184624999999,0.6849615870000001,Citharexylum montevidense,Citharexylum montevidense,(Spreng.) Moldenke,Citharexylum,Verbenaceae,Lamiales,asterids,20210428,"Mickey, Adrian, Noah",20140599,653,South-America,tree,0.0383
Cit_mon,0.6,0.327343237,0.988132573,2.836950052,0.324091596,Citharexylum montevidense,Citharexylum montevidense,(Spreng.) Moldenke,Citharexylum,Verbenaceae,Lamiales,asterids,20210428,"Mickey, Adrian, Noah",20140599,653,South-America,tree,0.0383
Cit_mon,0.9,0.050225733,0.9928046625,2.707220789,0.38864078550000003,Citharexylum montevidense,Citharexylum montevidense,(Spreng.) Moldenke,Citharexylum,Verbenaceae,Lamiales,asterids,20210428,"Mickey, Adrian, Noah",20140599,653,South-America,tree,0.0383
Clu_ala,0.3,2.73829222,0.794727612,0.649079698,0.308671184,Clusia alata,Clusia alata,Planch. & Triana,Clusia,Clusiaceae,Malpighiales,rosids,20210721,"Ilaine, Sonoma, James",891280,359,Mexico/Central America,tree,0.1266
Clu_ala,0.6,1.8439152509999999,0.861540447,1.0959612035,0.3954705415,Clusia alata,Clusia alata,Planch. & Triana,Clusia,Clusiaceae,Malpighiales,rosids,20210721,"Ilaine, Sonoma, James",891280,359,Mexico/Central America,tree,0.1266
Clu_ala,0.9,0.182257492,1,1.959861997,0.200999,Clusia alata,Clusia alata,Planch. & Triana,Clusia,Clusiaceae,Malpighiales,rosids,20210721,"Ilaine, Sonoma, James",891280,359,Mexico/Central America,tree,0.1266
Cne_tri,0.3,6.908238904,0.6814404205,0.839533522,0.591690402,Cneorum tricoccon,Cneorum tricoccon,L.,Cneorum,Rutaceae,Sapindales,rosids,20210524,"Mickey, Adrian,James",20041196,702,Mediterranean,shrub,0.1722
Cne_tri,0.6,0.23411125100000002,1,4.5202356035,0.3194156495,Cneorum tricoccon,Cneorum tricoccon,L.,Cneorum,Rutaceae,Sapindales,rosids,20210524,"Mickey, Adrian,James",20041196,702,Mediterranean,shrub,0.1722
Cne_tri,0.9,0.129561479,1,4.460531388,0.309259393,Cneorum tricoccon,Cneorum tricoccon,L.,Cneorum,Rutaceae,Sapindales,rosids,20210524,"Mickey, Adrian,James",20041196,702,Mediterranean,shrub,0.1722
Com_ery,0.3,2.607179286,0.714980042,0.8240698369999999,0.59260788,Combretum erythrophyllum,Combretum erythrophyllum,Sond.,Combretum,Combretaceae,Myrtales,rosids,20210210,"Ilaine, Mickey; Mickey, Ilaine, Ethan",730581,144,Africa,tree,0.2631
Com_ery,0.6,0.795290667,0.9420828354999999,1.528189219,0.4712776225,Combretum erythrophyllum,Combretum erythrophyllum,Sond.,Combretum,Combretaceae,Myrtales,rosids,20210210,"Ilaine, Mickey; Mickey, Ilaine, Ethan",730581,144,Africa,tree,0.2631
Com_ery,0.9,0.13626164699999999,0.989043883,1.7385124379999999,0.59830997,Combretum erythrophyllum,Combretum erythrophyllum,Sond.,Combretum,Combretaceae,Myrtales,rosids,20210210,"Ilaine, Mickey; Mickey, Ilaine, Ethan",730581,144,Africa,tree,0.2631
Com_umb,0.3,6.052394198,0.739616425,1.1034023249999998,0.494655838,Comandar umbellata,Comandra umbellata,(L.) Nutt.,Comandra,Comandraceae,Santalales,rosids,20210706,"Mickey, Adrian, Lisa, James, Sophia",941236,23B,California,shrub,0.2529
Com_umb,0.6,0.37664711149999996,0.9425492520000001,1.3774199525,0.2806710645,Comandar umbellata,Comandra umbellata,(L.) Nutt.,Comandra,Comandraceae,Santalales,rosids,20210706,"Mickey, Adrian, Lisa, James, Sophia",941236,23B,California,shrub,0.2529
Com_umb,0.9,0.085067421,1,1.4648625215,0.318009058,Comandar umbellata,Comandra umbellata,(L.) Nutt.,Comandra,Comandraceae,Santalales,rosids,20210706,"Mickey, Adrian, Lisa, James, Sophia",941236,23B,California,shrub,0.2529
Cor_bud,0.3,4.916005382,0.6998194595,0.9333498335,0.5978619215,Corokia buddleioides,Corokia buddleioides,A.Cunn.,Corokia,Argophyllaceae,Asterales,asterids,20210704; 20210825,"Mickey, Ilaine; Ilaine, Mickey",505941025,505,Australasia,shrub,0.0924
Cor_bud,0.6,0.130254863,1,3.9131129830000004,0.349565139,Corokia buddleioides,Corokia buddleioides,A.Cunn.,Corokia,Argophyllaceae,Asterales,asterids,20210704; 20210825,"Mickey, Ilaine; Ilaine, Mickey",505941025,505,Australasia,shrub,0.0924
Cor_bud,0.9,0.032060574,1,3.91670318,0.34771975,Corokia buddleioides,Corokia buddleioides,A.Cunn.,Corokia,Argophyllaceae,Asterales,asterids,20210704; 20210825,"Mickey, Ilaine; Ilaine, Mickey",505941025,505,Australasia,shrub,0.0924
Cor_lae,0.3,4.351804921499999,0.6725395224999999,0.9254183735,0.585349012,Corynocarpus laevigata,Corynocarpus laevigata,J.R.Forst. & G.Forst.,Corynocarpus,Corynocarpaceae,Cucurbitales,rosids,20210504,Mickey Adrian,770128,508,Australasia,tree,0.1469
Cor_lae,0.6,0.367220206,0.973498914,1.3890307169999998,0.640423644,Corynocarpus laevigata,Corynocarpus laevigata,J.R.Forst. & G.Forst.,Corynocarpus,Corynocarpaceae,Cucurbitales,rosids,20210504,Mickey Adrian,770128,508,Australasia,tree,0.1469
Cor_lae,0.9,0.052444709,0.987704334,1.394976245,0.684138135,Corynocarpus laevigata,Corynocarpus laevigata,J.R.Forst. & G.Forst.,Corynocarpus,Corynocarpaceae,Cucurbitales,rosids,20210504,Mickey Adrian,770128,508,Australasia,tree,0.1469
Cos_tap,0.3,2.998419758,0.614867847,1.42850329,0.575152342,Costus tappenbeckianus,Costus tappenbeckianus,J. Braun & K. Schum.,Costus,Costaceae,Zingiberales,monocots,20210816,Mickey,20090527,Greenhouse 2,Tropical house,herb,0.0609
Cos_tap,0.6,0.050571468,0.995191677,1.046091197,0.423383107,Costus tappenbeckianus,Costus tappenbeckianus,J. Braun & K. Schum.,Costus,Costaceae,Zingiberales,monocots,20210816,Mickey,20090527,Greenhouse 2,Tropical house,herb,0.0609
Cos_tap,0.9,0,0,1.0472182835,0.426791735,Costus tappenbeckianus,Costus tappenbeckianus,J. Braun & K. Schum.,Costus,Costaceae,Zingiberales,monocots,20210816,Mickey,20090527,Greenhouse 2,Tropical house,herb,0.0609
Cri_pat,0.3,4.080530491,0.694459966,0.7055629299999999,0.672886983,Crimodendron patagua,Crinodendron patagua,Molina,Crinodendron,Elaeocarpaceae,Oxalidales,rosids,20210426,"Mickey, Adrian, Noah",541123,608,South-America,tree,0.1452
Cri_pat,0.6,2.5777298135,0.7851929145000001,1.054318263,0.581806453,Crimodendron patagua,Crinodendron patagua,Molina,Crinodendron,Elaeocarpaceae,Oxalidales,rosids,20210426,"Mickey, Adrian, Noah",541123,608,South-America,tree,0.1452
Cri_pat,0.9,0.39394018,0.989092463,2.121384603,0.359149981,Crimodendron patagua,Crinodendron patagua,Molina,Crinodendron,Elaeocarpaceae,Oxalidales,rosids,20210426,"Mickey, Adrian, Noah",541123,608,South-America,tree,0.1452
Cup_nud,0.3,7.59056636,0.595295053,0.791797061,0.6167265,Cuphea nudicostata,Cuphea nudicostata,Hemsl.,Cuphea,Lythraceae,Myrtales,rosids,20210719,"Ilaine, Sonoma, Lisa, Nguyen, Eric",900446,353,Mexico/Central America,shrub,0.0792
Cup_nud,0.6,3.862831043,0.763807728,0.9845994760000001,0.464080693,Cuphea nudicostata,Cuphea nudicostata,Hemsl.,Cuphea,Lythraceae,Myrtales,rosids,20210719,"Ilaine, Sonoma, Lisa, Nguyen, Eric",900446,353,Mexico/Central America,shrub,0.0792
Cup_nud,0.9,0.267452599,0.99185275,2.616707779,0.279830553,Cuphea nudicostata,Cuphea nudicostata,Hemsl.,Cuphea,Lythraceae,Myrtales,rosids,20210719,"Ilaine, Sonoma, Lisa, Nguyen, Eric",900446,353,Mexico/Central America,shrub,0.0792
Cus_spi,0.3,4.2386845875,0.7084271195,0.8484689870000001,0.5003725165,Cussonia spicata,Cussonia spicata,Thunb.,Cussonia,Araliaceae,Apiales,asterids,20210222; 20210630,"Ilaine, Mickey, Adrian; Mickey, Adrian, James, Lisa, Ethan",730574,142,Africa,tree,0.0387
Cus_spi,0.6,0.116532604,0.968493145,1.4027850709999998,0.237961298,Cussonia spicata,Cussonia spicata,Thunb.,Cussonia,Araliaceae,Apiales,asterids,20210222; 20210630,"Ilaine, Mickey, Adrian; Mickey, Adrian, James, Lisa, Ethan",730574,142,Africa,tree,0.0387
Cus_spi,0.9,0.074472193,1,1.3654501849999998,0.086454837,Cussonia spicata,Cussonia spicata,Thunb.,Cussonia,Araliaceae,Apiales,asterids,20210222; 20210630,"Ilaine, Mickey, Adrian; Mickey, Adrian, James, Lisa, Ethan",730574,142,Africa,tree,0.0387
Cya_ful,0.3,3.0808897130000004,0.6035622485000001,1.4486175275,0.5585203814999999,Cyathea fulva,Cyathea fulva,(M. Martens & Galeotti) Fée,Cyathea,Cyatheaceae,Cyatheales,ferns,20210719; 2021004,"Ilaine, Sonoma, Lisa, Nguyen, Eric; Mickey, Eric",20120101,352,Mexico/Central America,tree,0.1583
Cya_ful,0.6,1.686806788,0.823206795,3.251084017,0.041623822,Cyathea fulva,Cyathea fulva,(M. Martens & Galeotti) Fée,Cyathea,Cyatheaceae,Cyatheales,ferns,20210719; 2021004,"Ilaine, Sonoma, Lisa, Nguyen, Eric; Mickey, Eric",20120101,352,Mexico/Central America,tree,0.1583
Cya_ful,0.9,0.696158704,0.946903424,3.261355688,0.045886972,Cyathea fulva,Cyathea fulva,(M. Martens & Galeotti) Fée,Cyathea,Cyatheaceae,Cyatheales,ferns,20210719; 2021004,"Ilaine, Sonoma, Lisa, Nguyen, Eric; Mickey, Eric",20120101,352,Mexico/Central America,tree,0.1583
Cyc_bip,0.3,3.198022593,0.546763175,1.7014854719999999,0.541171222,Cyclanthus bipartidus,Cyclanthus bipartitus,Poit. ex A. Rich.,Cyclanthus,Cyclanthaceae,Pandanales,monocots,20210818,"Ilaine, Mickey, James, Adrian, Sonoma",931315,Greenhouse 2,Tropical house,herb,0.0338
Cyc_bip,0.6,0.036900416,0.877536735,3.4009114140000003,0.300122797,Cyclanthus bipartidus,Cyclanthus bipartitus,Poit. ex A. Rich.,Cyclanthus,Cyclanthaceae,Pandanales,monocots,20210818,"Ilaine, Mickey, James, Adrian, Sonoma",931315,Greenhouse 2,Tropical house,herb,0.0338
Cyc_bip,0.9,0.020923688,0.9306811884999999,3.421620913,0.30297815949999995,Cyclanthus bipartidus,Cyclanthus bipartitus,Poit. ex A. Rich.,Cyclanthus,Cyclanthaceae,Pandanales,monocots,20210818,"Ilaine, Mickey, James, Adrian, Sonoma",931315,Greenhouse 2,Tropical house,herb,0.0338
Dap_him,0.3,2.911808597,0.810245216,0.6804421599999999,0.590370337,Daphniphyllum himalayensi,Daphniphyllum himalayense,(Benth.) Müll. Arg.,Daphniphyllum,Daphniphyllaceae,Saxifragales,basal eudicots,20210310,"Mickey, Adrian",20020188,220B,Asia,tree,0.1171
Dap_him,0.6,0.167668537,0.9804833325,4.6402397845,0.2886016345,Daphniphyllum himalayensi,Daphniphyllum himalayense,(Benth.) Müll. Arg.,Daphniphyllum,Daphniphyllaceae,Saxifragales,basal eudicots,20210310,"Mickey, Adrian",20020188,220B,Asia,tree,0.1171
Dap_him,0.9,0.058548366,0.9860068485,2.1003377370000003,0.5696743395,Daphniphyllum himalayensi,Daphniphyllum himalayense,(Benth.) Müll. Arg.,Daphniphyllum,Daphniphyllaceae,Saxifragales,basal eudicots,20210310,"Mickey, Adrian",20020188,220B,Asia,tree,0.1171
Del_fis,0.3,6.509017075,0.680523153,0.8708800735,0.569099681,Delphinium fissum,Delphinium fissum,Waldst.,Delphinium,Ranunculaceae,Ranunculales,basal eudicots,20210517,"Mickey, Ilaine, Gideon",20020423,709,Mediterranean,herb,0.038
Del_fis,0.6,0.036170871,1,0.303347842,0.047368303,Delphinium fissum,Delphinium fissum,Waldst.,Delphinium,Ranunculaceae,Ranunculales,basal eudicots,20210517,"Mickey, Ilaine, Gideon",20020423,709,Mediterranean,herb,0.038
Del_fis,0.9,0.001802353,1,0.3034200979999999,0.047173388,Delphinium fissum,Delphinium fissum,Waldst.,Delphinium,Ranunculaceae,Ranunculales,basal eudicots,20210517,"Mickey, Ilaine, Gideon",20020423,709,Mediterranean,herb,0.038
Des_spi,0.3,2.3059271900000002,0.7847746875,0.7156971849999999,0.41973347149999995,Desfontainia spinosa,Desfontainia spinosa,Ruiz & Pav.,Desfontainia,Columelliaceae,Bruniales,asterids,20210428,"Mickey, Adrian, Noah",830792,658,South-America,tree,0.2144
Des_spi,0.6,1.479681983,0.845267643,1.0014285059999999,0.457927177,Desfontainia spinosa,Desfontainia spinosa,Ruiz & Pav.,Desfontainia,Columelliaceae,Bruniales,asterids,20210428,"Mickey, Adrian, Noah",830792,658,South-America,tree,0.2144
Des_spi,0.9,0.2369197,0.9985060164999999,0.6060263924999999,0.4044832435,Desfontainia spinosa,Desfontainia spinosa,Ruiz & Pav.,Desfontainia,Columelliaceae,Bruniales,asterids,20210428,"Mickey, Adrian, Noah",830792,658,South-America,tree,0.2144
Dic_ant,0.6,2.845142757,0.632583512,1.560109851,0.332421998,Dicksonia antarctica,Dicksonia antarctica,Labill.,Dicksonia,Dicksoniaceae,Cyatheales,ferns,20210419; 20210929,"Mickey, Adrian; Ilaine, James, Mickey",941056,508,Australasia,tree,0.0655
Dic_ant,0.9,1.402993445,0.887826096,1.566818457,0.362761716,Dicksonia antarctica,Dicksonia antarctica,Labill.,Dicksonia,Dicksoniaceae,Cyatheales,ferns,20210419; 20210929,"Mickey, Adrian; Ilaine, James, Mickey",941056,508,Australasia,tree,0.0655
Dic_feb,0.3,1.457355241,0.718756303,1.026911949,0.520613024,Dichroa febrifuga,Hydrangea febrifuga,Lour.,Hydrangea,Hydrangeaceae,Cornales,asterids,20210301,"Ilaine, Mickey, Adrian, Eric",20100254,236,Asia,shrub,0.1138
Dic_feb,0.6,0.604864726,0.8353776385,2.746081688,0.360491548,Dichroa febrifuga,Hydrangea febrifuga,Lour.,Hydrangea,Hydrangeaceae,Cornales,asterids,20210301,"Ilaine, Mickey, Adrian, Eric",20100254,236,Asia,shrub,0.1138
Dic_feb,0.9,0.124006038,1,4.7060287225,0.29311640250000004,Dichroa febrifuga,Hydrangea febrifuga,Lour.,Hydrangea,Hydrangeaceae,Cornales,asterids,20210301,"Ilaine, Mickey, Adrian, Eric",20100254,236,Asia,shrub,0.1138
Dic_squ,0.3,2.198042282,0.779366785,1.122157934,0.071372403,Dicksonia squarrosa,Dicksonia squarrosa,(G. Forst.) Sw.,Dicksonia,Dicksoniaceae,Cyatheales,ferns,20210419; 20210907,"Mickey, Adrian; Ilaine, Mickey, James",20100344,508,Australasia,tree,0.0655
Dic_squ,0.6,1.5420952890000001,0.850882449,1.133716564,0.1180727935,Dicksonia squarrosa,Dicksonia squarrosa,(G. Forst.) Sw.,Dicksonia,Dicksoniaceae,Cyatheales,ferns,20210419; 20210907,"Mickey, Adrian; Ilaine, Mickey, James",20100344,508,Australasia,tree,0.0655
Dic_squ,0.9,0.7170882635,0.9692533720000001,1.2767102175,0.1558164185,Dicksonia squarrosa,Dicksonia squarrosa,(G. Forst.) Sw.,Dicksonia,Dicksoniaceae,Cyatheales,ferns,20210419; 20210907,"Mickey, Adrian; Ilaine, Mickey, James",20100344,508,Australasia,tree,0.0655
Dio_lyc,0.3,3.6787690635,0.649136751,0.717526999,0.5762135365000001,Diospyros lycioides,Diospyros lycioides,Desf.,Diospyros,Ebenaceae,Ericales,asterids,20210210,"Ilaine, Mickey",491820,144,Africa,tree,0.0883
Dio_lyc,0.6,1.156580175,0.90267757,1.472111946,0.399629234,Diospyros lycioides,Diospyros lycioides,Desf.,Diospyros,Ebenaceae,Ericales,asterids,20210210,"Ilaine, Mickey",491820,144,Africa,tree,0.0883
Dio_lyc,0.9,0.105351569,1,2.314310503,0.321177464,Diospyros lycioides,Diospyros lycioides,Desf.,Diospyros,Ebenaceae,Ericales,asterids,20210210,"Ilaine, Mickey",491820,144,Africa,tree,0.0883
Dio_pol,0.3,3.4515965975,0.7451719575,0.755784942,0.6335518314999999,Dioscorea polystachya,Dioscorea oppositifolia,Turcz.,Dioscorea,Dioscoreaceae,Dioscoreales,monocots,20210818,"Ilaine, Mickey, James, Adrian, Sonoma",700034,Greenhouse 2,Tropical house,climbing,0.0299
Dio_pol,0.6,1.5153484905,0.885584197,1.088556787,0.5290932465,Dioscorea polystachya,Dioscorea oppositifolia,Turcz.,Dioscorea,Dioscoreaceae,Dioscoreales,monocots,20210818,"Ilaine, Mickey, James, Adrian, Sonoma",700034,Greenhouse 2,Tropical house,climbing,0.0299
Dio_pol,0.9,0.14228235649999998,1,0.19657454799999996,0.5793313535,Dioscorea polystachya,Dioscorea oppositifolia,Turcz.,Dioscorea,Dioscoreaceae,Dioscoreales,monocots,20210818,"Ilaine, Mickey, James, Adrian, Sonoma",700034,Greenhouse 2,Tropical house,climbing,0.0299
Dip_esc,0.3,3.584577349,0.612397897,2.739060413,0.074426971,Diplazium esculentum,Diplazium esculentum,(Retz.) Sw.,Diplazium,Athyriaceae,Polypodiales,ferns,20210414; 20210610,"Mickey, Adrian, Ilaine; Mickey, James",560655,511B,Australasia,herb,0.0719
Dip_esc,0.6,1.579816743,0.817920469,2.948370605,0.109809482,Diplazium esculentum,Diplazium esculentum,(Retz.) Sw.,Diplazium,Athyriaceae,Polypodiales,ferns,20210414; 20210610,"Mickey, Adrian, Ilaine; Mickey, James",560655,511B,Australasia,herb,0.0719
Dip_esc,0.9,0.2628325185,1,3.1643293155,0.126030897,Diplazium esculentum,Diplazium esculentum,(Retz.) Sw.,Diplazium,Athyriaceae,Polypodiales,ferns,20210414; 20210610,"Mickey, Adrian, Ilaine; Mickey, James",560655,511B,Australasia,herb,0.0719
Dir_occ,0.3,8.469506574,0.63624385,0.6433176145,0.6679339865,Dirca occidentais,Dirca occidentalis,A. Gray,Dirca,Thymelaeaceae,Malvales,rosids,20210609,"Mickey, Adrian, James, Somona, Sophia",870079,22A,California,shrub,0.0555
Dir_occ,0.6,4.375254542,0.816888818,0.6778937190000001,0.622446658,Dirca occidentais,Dirca occidentalis,A. Gray,Dirca,Thymelaeaceae,Malvales,rosids,20210609,"Mickey, Adrian, James, Somona, Sophia",870079,22A,California,shrub,0.0555
Dir_occ,0.9,0.37709696049999997,0.9826218280000001,0.17521730000000002,0.829451954,Dirca occidentais,Dirca occidentalis,A. Gray,Dirca,Thymelaeaceae,Malvales,rosids,20210609,"Mickey, Adrian, James, Somona, Sophia",870079,22A,California,shrub,0.0555
Doo_asp,0.3,1.844173728,0.6062728,0.9294070925,0.6225056795,Doodia aspera,Doodia aspera,R. Br.,Doodia,Blechnaceae,Polypodiales,ferns,20210419; 20210929,"Mickey; Ilaine, James, Mickey",541237,508,Australasia,herb,0.0689
Doo_asp,0.6,1.2777354165,0.799001123,0.891351429,0.276511819,Doodia aspera,Doodia aspera,R. Br.,Doodia,Blechnaceae,Polypodiales,ferns,20210419; 20210929,"Mickey; Ilaine, James, Mickey",541237,508,Australasia,herb,0.0689
Doo_asp,0.9,0.5665104325,0.9894683175,1.0604962015,0.403254354,Doodia aspera,Doodia aspera,R. Br.,Doodia,Blechnaceae,Polypodiales,ferns,20210419; 20210929,"Mickey; Ilaine, James, Mickey",541237,508,Australasia,herb,0.0689
Dry_rem,0.3,1.990707693,0.917634309,0.675693823,0.957428561,Dryopteris remosa,Dryopteris ramosa,(C. Hope) C. Chr.,Dryopteris,Dryopteridaceae,Polypodiales,ferns,20210421,"Mickey, Adrian,Jason",980390,500,Australasia,herb,0.083
Dry_rem,0.6,0.7992010700000001,0.9269446335,2.4506950969999997,0.13202703049999998,Dryopteris remosa,Dryopteris ramosa,(C. Hope) C. Chr.,Dryopteris,Dryopteridaceae,Polypodiales,ferns,20210421,"Mickey, Adrian,Jason",980390,500,Australasia,herb,0.083
Dry_rem,0.9,0.036072178,1,2.050799153,0.10619114,Dryopteris remosa,Dryopteris ramosa,(C. Hope) C. Chr.,Dryopteris,Dryopteridaceae,Polypodiales,ferns,20210421,"Mickey, Adrian,Jason",980390,500,Australasia,herb,0.083
Ehr_acu,0.3,4.037764336,0.6692333945,0.6199402589999999,0.6913501995,Ehretia acuminata,Ehretia acuminata,R. Br.,Ehretia,Boraginaceae,Boraginales,asterids,20210208,"Mickey, Somona, Ethan",980746,513,Australasia,tree,0.0972
Ehr_acu,0.6,0.50619879,0.9667145054999999,1.8501173949999998,0.4515013585,Ehretia acuminata,Ehretia acuminata,R. Br.,Ehretia,Boraginaceae,Boraginales,asterids,20210208,"Mickey, Somona, Ethan",980746,513,Australasia,tree,0.0972
Ehr_acu,0.9,0.137118008,0.995717929,1.208402934,0.57621975,Ehretia acuminata,Ehretia acuminata,R. Br.,Ehretia,Boraginaceae,Boraginales,asterids,20210208,"Mickey, Somona, Ethan",980746,513,Australasia,tree,0.0972
Equ_tel,0.3,1.859995285,0.884831926,61.90166672,0.040032673,Equisetum telmateia,Equisetum telmateia,Ehrh.,Equisetum,Equisetaceae,Equisetales,ferns,20210616; 20211004,"Mickey, Adrian, Somona, James, Sophia; Mickey, Eric",750357,80,California,herb,0.5569
Equ_tel,0.6,1.610637851,1,55.15150903,0.033740041,Equisetum telmateia,Equisetum telmateia,Ehrh.,Equisetum,Equisetaceae,Equisetales,ferns,20210616; 20211004,"Mickey, Adrian, Somona, James, Sophia; Mickey, Eric",750357,80,California,herb,0.5569
Equ_tel,0.9,1.5539422325,1,35.148620275,0.06781479,Equisetum telmateia,Equisetum telmateia,Ehrh.,Equisetum,Equisetaceae,Equisetales,ferns,20210616; 20211004,"Mickey, Adrian, Somona, James, Sophia; Mickey, Eric",750357,80,California,herb,0.5569
Esc_her,0.3,7.094947773,0.698929019,0.650206544,0.661420463,Escallonia herrerae,Escallonia herrerae,Mattf.,Escallonia,Escalloniaceae,Escalloniales,asterids,20210428,"Mickey, Adrian, Noah",640493,651,South-America,tree,0.131
Esc_her,0.6,0.209644478,0.974635894,4.295024191,0.21868936,Escallonia herrerae,Escallonia herrerae,Mattf.,Escallonia,Escalloniaceae,Escalloniales,asterids,20210428,"Mickey, Adrian, Noah",640493,651,South-America,tree,0.131
Esc_her,0.9,0.100864644,0.993823561,4.29852864,0.219157913,Escallonia herrerae,Escallonia herrerae,Mattf.,Escallonia,Escalloniaceae,Escalloniales,asterids,20210428,"Mickey, Adrian, Noah",640493,651,South-America,tree,0.131
Euc_cri,0.3,5.987125511,0.595691337,0.9117752474999999,0.6426802755000001,Euclea crispa,Euclea crispa,(Thunb.) Gürke,Euclea,Ebenaceae,Ericales,asterids,20210222,"Ilaine, Mickey, Adrian",20060645,141,Asia,tree,0.0883
Euc_cri,0.6,4.215043381,0.702985729,0.8366681570000001,0.602567262,Euclea crispa,Euclea crispa,(Thunb.) Gürke,Euclea,Ebenaceae,Ericales,asterids,20210222,"Ilaine, Mickey, Adrian",20060645,141,Asia,tree,0.0883
Euc_cri,0.9,1.7697226015,0.925870591,1.403012364,0.3707713935,Euclea crispa,Euclea crispa,(Thunb.) Gürke,Euclea,Ebenaceae,Ericales,asterids,20210222,"Ilaine, Mickey, Adrian",20060645,141,Asia,tree,0.0883
Eur_jap,0.3,3.857786429,0.76345149,0.9196423069999999,0.601283927,Eurya japonica,Eurya japonica,Thunb.,Eurya,Pentaphylacaceae,Ericales,asterids,20210315,"Mickey, Ilaine, Adrian, Eric",610733,220C,Asia,tree,0.0714
Eur_jap,0.6,2.1075402580000002,0.8144077445,1.122875162,0.5881027704999999,Eurya japonica,Eurya japonica,Thunb.,Eurya,Pentaphylacaceae,Ericales,asterids,20210315,"Mickey, Ilaine, Adrian, Eric",610733,220C,Asia,tree,0.0714
Eur_jap,0.9,0.7962318515,0.934211315,1.8745888845,0.45136693149999996,Eurya japonica,Eurya japonica,Thunb.,Eurya,Pentaphylacaceae,Ericales,asterids,20210315,"Mickey, Ilaine, Adrian, Eric",610733,220C,Asia,tree,0.0714
Eus_jap,0.3,8.005526129,0.637561536,0.6971700329999999,0.648074332,Euscaphis japonica,Staphylea japonica,(Thunb.) Kanitz,Staphylea,Staphyleaceae,Crossosomatales,rosids,20210823,Mickey James,20050371,222,Asia,tree,0.1138
Eus_jap,0.6,3.467139986,0.821374488,1.037858213,0.3514771855,Euscaphis japonica,Staphylea japonica,(Thunb.) Kanitz,Staphylea,Staphyleaceae,Crossosomatales,rosids,20210823,Mickey James,20050371,222,Asia,tree,0.1138
Eus_jap,0.9,0.15808710650000002,0.992441929,1.8826586774999998,0.3432425,Euscaphis japonica,Staphylea japonica,(Thunb.) Kanitz,Staphylea,Staphyleaceae,Crossosomatales,rosids,20210823,Mickey James,20050371,222,Asia,tree,0.1138
Fra_son,0.3,2.608982556,0.7642108745,0.639925703,0.5772610745,Francoa sonchifolia,Francoa appendiculata,Cav.,Francoa,Francoaceae,Geraniales,rosids,20210426,"Mickey, Adrian, Noah",831525,609,South-America,herb,0.1025
Fra_son,0.6,0.638914948,0.913065265,0.7221836269999999,0.490427822,Francoa sonchifolia,Francoa appendiculata,Cav.,Francoa,Francoaceae,Geraniales,rosids,20210426,"Mickey, Adrian, Noah",831525,609,South-America,herb,0.1025
Fra_son,0.9,0.0965189315,0.9873398925,0.7031161315000001,0.3594070975,Francoa sonchifolia,Francoa appendiculata,Cav.,Francoa,Francoaceae,Geraniales,rosids,20210426,"Mickey, Adrian, Noah",831525,609,South-America,herb,0.1025
Gom_keu,0.3,4.415602001,0.688816731,0.758569796,0.572325749,Gomortega keule,Gomortega keule,(Molina) Baill.,Gomortega,Gomortegaceae,Laurales,basal angiosperms,20210428,"Mickey, Adrian, Noah",20010213,653,South-America,tree,0.2423
Gom_keu,0.6,0.682962707,0.959095337,1.275410082,0.466476786,Gomortega keule,Gomortega keule,(Molina) Baill.,Gomortega,Gomortegaceae,Laurales,basal angiosperms,20210428,"Mickey, Adrian, Noah",20010213,653,South-America,tree,0.2423
Gom_keu,0.9,0.182776012,0.998558764,0.7868706080000001,0.453936666,Gomortega keule,Gomortega keule,(Molina) Baill.,Gomortega,Gomortegaceae,Laurales,basal angiosperms,20210428,"Mickey, Adrian, Noah",20010213,653,South-America,tree,0.2423
Hel_chi,0.3,1.815392963,0.807059072,1.3422299990000002,0.532565355,Helwingia chinensis,Helwingia chinensis,Batalin,Helwingia,Helwingiaceae,Aquifoliales,asterids,20210301,"Ilaine, Mickey, Adrian, Eric",20020209,234,Asia,tree,0.1071
Hel_chi,0.6,0.134179938,0.960419602,8.68049918,0.178084714,Helwingia chinensis,Helwingia chinensis,Batalin,Helwingia,Helwingiaceae,Aquifoliales,asterids,20210301,"Ilaine, Mickey, Adrian, Eric",20020209,234,Asia,tree,0.1071
Hel_chi,0.9,0.107892024,0.983940655,8.678526248,0.179129255,Helwingia chinensis,Helwingia chinensis,Batalin,Helwingia,Helwingiaceae,Aquifoliales,asterids,20210301,"Ilaine, Mickey, Adrian, Eric",20020209,234,Asia,tree,0.1071
Hib_sca,0.3,8.642731487,0.555992068,0.6550253690000001,0.751948487,Hibbertia scandens,Hibbertia scandens,(Willd.) Dryand.,Hibbertia,Dilleniaceae,Dilleniales,rosids,20210809,"James, Lisa",NA,510,Australasia,climbing,0.2099
Hib_sca,0.6,6.516411421,0.730967123,0.839188923,0.550612819,Hibbertia scandens,Hibbertia scandens,(Willd.) Dryand.,Hibbertia,Dilleniaceae,Dilleniales,rosids,20210809,"James, Lisa",NA,510,Australasia,climbing,0.2099
Hib_sca,0.9,1.121313556,0.902796772,1.305607443,0.345143238,Hibbertia scandens,Hibbertia scandens,(Willd.) Dryand.,Hibbertia,Dilleniaceae,Dilleniales,rosids,20210809,"James, Lisa",NA,510,Australasia,climbing,0.2099
Ill_lan,0.3,4.601915509,0.68889599,0.801921229,0.576177375,Illicium lanceolatum,Illicium lanceolatum,A.C. Sm.,Illicium,Schisandraceae,Austrobaileyales,basal angiosperms,20210301,"Ilaine, Mickey, Adrian, Eric",760212,239,Asia,tree,0.1363
Ill_lan,0.6,0.396979344,0.964018367,2.910991795,0.277957369,Illicium lanceolatum,Illicium lanceolatum,A.C. Sm.,Illicium,Schisandraceae,Austrobaileyales,basal angiosperms,20210301,"Ilaine, Mickey, Adrian, Eric",760212,239,Asia,tree,0.1363
Ill_lan,0.9,0.105961342,0.988982305,2.9135793760000004,0.2784066675,Illicium lanceolatum,Illicium lanceolatum,A.C. Sm.,Illicium,Schisandraceae,Austrobaileyales,basal angiosperms,20210301,"Ilaine, Mickey, Adrian, Eric",760212,239,Asia,tree,0.1363
Ite_ili,0.3,3.77708055,0.6386087220000001,0.6844306045,0.6614996845000001,Itea ilicifolia,Itea ilicifolia,Oliv.,Itea,Iteaceae,Saxifragales,basal eudicots,20210317,"Mickey, Ilaine, Adrian, Eric",860414,236,Asia,shrub,0.2588
Ite_ili,0.6,2.269969247,0.799365658,0.8489191380000001,0.608970861,Itea ilicifolia,Itea ilicifolia,Oliv.,Itea,Iteaceae,Saxifragales,basal eudicots,20210317,"Mickey, Ilaine, Adrian, Eric",860414,236,Asia,shrub,0.2588
Ite_ili,0.9,0.363863872,0.988133173,0.57552398,0.567347128,Itea ilicifolia,Itea ilicifolia,Oliv.,Itea,Iteaceae,Saxifragales,basal eudicots,20210317,"Mickey, Ilaine, Adrian, Eric",860414,236,Asia,shrub,0.2588
Kni_uva,0.3,4.020099796,0.6389743539999999,26.042651130000003,0.096490627,Kniphofia uvaria,Kniphofia uvaria,(L.) Oken,Kniphofia,Asphodelaceae,Asparagales,monocots,20210208; 20210727,"Mickey, Ilaine, Ben; Ilaine, Ethan",340175,143,Africa,herb,0.0397
Kni_uva,0.9,0,0,9.491080677,0.302320076,Kniphofia uvaria,Kniphofia uvaria,(L.) Oken,Kniphofia,Asphodelaceae,Asparagales,monocots,20210208; 20210727,"Mickey, Ilaine, Ben; Ilaine, Ethan",340175,143,Africa,herb,0.0397
Lon_jap,0.3,3.419990875,0.7139233300000001,0.5909868724999999,0.6289313544999999,Lonicera japonica,Lonicera japonica,Thunb.,Lonicera,Caprifoliaceae,Dipsacales,asterids,20210714; 20210825,"Ilaine, Sonoma, James, Lisa, Nguyen, Jason; Ilaine, Mickey",NA,427,Chinese medicinal garden,climbing,0.0239
Lon_jap,0.6,1.4130297230000002,0.906725931,1.1537057635,0.4818279935,Lonicera japonica,Lonicera japonica,Thunb.,Lonicera,Caprifoliaceae,Dipsacales,asterids,20210714; 20210825,"Ilaine, Sonoma, James, Lisa, Nguyen, Jason; Ilaine, Mickey",NA,427,Chinese medicinal garden,climbing,0.0239
Lon_jap,0.9,0.252445149,0.9689784855,1.5066980700000001,0.554608921,Lonicera japonica,Lonicera japonica,Thunb.,Lonicera,Caprifoliaceae,Dipsacales,asterids,20210714; 20210825,"Ilaine, Sonoma, James, Lisa, Nguyen, Jason; Ilaine, Mickey",NA,427,Chinese medicinal garden,climbing,0.0239
Luz_niv,0.6,3.737758842,0.773963652,67.338127735,0.0425757565,Luzula nivea,Luzula nivea,(Nathh.) DC.,Luzula,Juncaceae,Poales,monocots,20210526,"Mickey, Adrian,Gideon",20070141,704,Mediterranean,herb,0.0326
Luz_niv,0.9,0.176229349,1,25.581306384999998,0.1101011345,Luzula nivea,Luzula nivea,(Nathh.) DC.,Luzula,Juncaceae,Poales,monocots,20210526,"Mickey, Adrian,Gideon",20070141,704,Mediterranean,herb,0.0326
Mag_che,0.3,1.249364483,0.849400476,1.045632178,0.585655737,Magnolia chevalieri,Magnolia chevalieri,(Dandy) V.S. Kumar,Magnolia,Magnoliaceae,Magnoliales,basal angiosperms,20210224,"Ilaine, Mickey, Eric",20090506,236,Asia,tree,0.1608
Mag_che,0.6,0.0789758535,0.93239066,4.0305136345,0.391239126,Magnolia chevalieri,Magnolia chevalieri,(Dandy) V.S. Kumar,Magnolia,Magnoliaceae,Magnoliales,basal angiosperms,20210224,"Ilaine, Mickey, Eric",20090506,236,Asia,tree,0.1608
Mag_che,0.9,0.052434956000000005,0.98548262,2.415951498,0.394930409,Magnolia chevalieri,Magnolia chevalieri,(Dandy) V.S. Kumar,Magnolia,Magnoliaceae,Magnoliales,basal angiosperms,20210224,"Ilaine, Mickey, Eric",20090506,236,Asia,tree,0.1608
Mal_pal,0.3,5.9686432504999996,0.659777592,0.618344571,0.6412246295,Malacothamnus palmeri,Malacothamnus palmeri,(S. Watson) Greene,Malacothamnus,Malvaceae,Malvales,rosids,20210706,"Mickey, Adrian, Lisa, James, Sophia",851139,23B,California,shrub,0.0906
Mal_pal,0.6,0.817727577,0.933792171,0.7784290760000001,0.32406391,Malacothamnus palmeri,Malacothamnus palmeri,(S. Watson) Greene,Malacothamnus,Malvaceae,Malvales,rosids,20210706,"Mickey, Adrian, Lisa, James, Sophia",851139,23B,California,shrub,0.0906
Mal_pal,0.9,0.1052014585,1,0.08808815349999999,0.131052459,Malacothamnus palmeri,Malacothamnus palmeri,(S. Watson) Greene,Malacothamnus,Malvaceae,Malvales,rosids,20210706,"Mickey, Adrian, Lisa, James, Sophia",851139,23B,California,shrub,0.0906
Mel_maj,0.3,5.043479822,0.678345551,0.6739367005,0.672381029,Melianthus major,Melianthus major,L.,Melianthus,Francoaceae,Geraniales,rosids,20210222; 20210727,"Ilaine, Mickey, Adrian; Ilaine, Ethan",491818,145,Africa,shrub,0.0457
Mel_maj,0.6,0.1157243625,0.95448552,1.310979906,0.1245886255,Melianthus major,Melianthus major,L.,Melianthus,Francoaceae,Geraniales,rosids,20210222; 20210727,"Ilaine, Mickey, Adrian; Ilaine, Ethan",491818,145,Africa,shrub,0.0457
Mel_maj,0.9,0.065289364,0.990930774,1.3139041219999998,0.124879541,Melianthus major,Melianthus major,L.,Melianthus,Francoaceae,Geraniales,rosids,20210222; 20210727,"Ilaine, Mickey, Adrian; Ilaine, Ethan",491818,145,Africa,shrub,0.0457
Met_dav,0.3,0.9861331095,0.8001522525,0.910552515,0.6182769779999999,Metapanax davidii,Metapanax davidii,(Franch.) J. Wen & Frodin,Metapanax,Araliaceae,Apiales,asterids,20210224,"Ilaine, Mickey, Eric",930209,236,Asia,tree,0.0328
Met_dav,0.6,0.2906099205,0.9552532970000001,1.400177527,0.5624360694999999,Metapanax davidii,Metapanax davidii,(Franch.) J. Wen & Frodin,Metapanax,Araliaceae,Apiales,asterids,20210224,"Ilaine, Mickey, Eric",930209,236,Asia,tree,0.0328
Met_dav,0.9,0.036658939,1,1.355668002,0.6494875455,Metapanax davidii,Metapanax davidii,(Franch.) J. Wen & Frodin,Metapanax,Araliaceae,Apiales,asterids,20210224,"Ilaine, Mickey, Eric",930209,236,Asia,tree,0.0328
Mic_mul,0.3,1.436221298,0.809101291,0.7622012499999999,0.595834124,Miconia multiplinervia,Miconia multiplinervia,Cogn.,Miconia,Melastomataceae,Myrtales,rosids,20210721,"Ilaine, Sonoma, James",20120510,359,Mexico/Central America,tree,0.0828
Mic_mul,0.6,0.697147646,0.883661376,0.88534359,0.499466032,Miconia multiplinervia,Miconia multiplinervia,Cogn.,Miconia,Melastomataceae,Myrtales,rosids,20210721,"Ilaine, Sonoma, James",20120510,359,Mexico/Central America,tree,0.0828
Mic_mul,0.9,0.33608242499999996,0.9699859255000001,1.0617700909999999,0.27179681,Miconia multiplinervia,Miconia multiplinervia,Cogn.,Miconia,Melastomataceae,Myrtales,rosids,20210721,"Ilaine, Sonoma, James",20120510,359,Mexico/Central America,tree,0.0828
Mic_pla,0.3,1.346741688,0.95345671,3.2059979170000004,0.240066182,Microlepia platyphylla,Microlepia platyphylla,(D. Don) J. Sm.,Microlepia,Dennstaedtiaceae,Polypodiales,ferns,20210414; 20210927,"Mickey, Adrian, Ilaine; Ilaine, James",500577,513,Australasia,herb,0.1117
Mic_pla,0.6,1.3109846775,0.9592888925,3.206469582,0.241638718,Microlepia platyphylla,Microlepia platyphylla,(D. Don) J. Sm.,Microlepia,Dennstaedtiaceae,Polypodiales,ferns,20210414; 20210927,"Mickey, Adrian, Ilaine; Ilaine, James",500577,513,Australasia,herb,0.1117
Mic_pla,0.9,0.6520260744999999,0.9697736674999999,3.238493655,0.247170453,Microlepia platyphylla,Microlepia platyphylla,(D. Don) J. Sm.,Microlepia,Dennstaedtiaceae,Polypodiales,ferns,20210414; 20210927,"Mickey, Adrian, Ilaine; Ilaine, James",500577,513,Australasia,herb,0.1117
Mon_car,0.3,3.553241716,0.6995926619999999,0.7685258890000001,0.6124915555,Montinia caryophyllaceae,Montinia caryophyllacea,Thunb.,Montinia,Montiniaceae,Solanales,asterids,20210811,"James, Ilaine, Ehan",750110,141,Africa,shrub,0.1967
Mon_car,0.6,1.125907974,0.899165655,2.691215282,0.390801775,Montinia caryophyllaceae,Montinia caryophyllacea,Thunb.,Montinia,Montiniaceae,Solanales,asterids,20210811,"James, Ilaine, Ehan",750110,141,Africa,shrub,0.1967
Mon_car,0.9,0.2057169305,0.9650412095,1.261531324,0.5452030969999999,Montinia caryophyllaceae,Montinia caryophyllacea,Thunb.,Montinia,Montiniaceae,Solanales,asterids,20210811,"James, Ilaine, Ehan",750110,141,Africa,shrub,0.1967
Myr_rub,0.3,3.558433651,0.670224064,0.625004792,0.7158483959999999,Myrica rubra,Morella rubra,(Lour.) Siebold & Zucc.,Morella,Myricaceae,Fagales,rosids,20210310,"Mickey, Adrian",650176,219,Asia,tree,0.0593
Myr_rub,0.6,0.176476788,0.990580843,4.7649811159999995,0.2195789455,Myrica rubra,Morella rubra,(Lour.) Siebold & Zucc.,Morella,Myricaceae,Fagales,rosids,20210310,"Mickey, Adrian",650176,219,Asia,tree,0.0593
Myr_rub,0.9,0.067211007,0.9956951355,2.4146229344999997,0.38301271449999996,Myrica rubra,Morella rubra,(Lour.) Siebold & Zucc.,Morella,Myricaceae,Fagales,rosids,20210310,"Mickey, Adrian",650176,219,Asia,tree,0.0593
Nan_dom,0.3,4.205049094,0.708362203,0.8399202889999999,0.62018993,Nandina domestica,Nandina domestica,Thunb.,Nandina,Berberidaceae,Ranunculales,basal eudicots,20210308,"Ilaine, Mickey, Adrian",860621,242,Asia,shrub,0.1657
Nan_dom,0.6,0.419603816,0.987846588,2.46861464,0.359021416,Nandina domestica,Nandina domestica,Thunb.,Nandina,Berberidaceae,Ranunculales,basal eudicots,20210308,"Ilaine, Mickey, Adrian",860621,242,Asia,shrub,0.1657
Nan_dom,0.9,0.068389948,1,0.9921042280000001,0.638619193,Nandina domestica,Nandina domestica,Thunb.,Nandina,Berberidaceae,Ranunculales,basal eudicots,20210308,"Ilaine, Mickey, Adrian",860621,242,Asia,shrub,0.1657
Not_fus,0.3,5.0842377275,0.6670968895,0.5858346065,0.7225132055,Nothofagus fusca,Fuscospora fusca,(Blume) Oerst.,Fuscospora,Nothofagaceae,Fagales,rosids,20210329; 20210907,"Ilaine, Mickey, Adrian, James; Ilaine, Mickey, James",900611,511A,Australasia,tree,0.1586
Not_fus,0.6,3.0210670815,0.7638483524999999,0.756774949,0.6598136125,Nothofagus fusca,Fuscospora fusca,(Blume) Oerst.,Fuscospora,Nothofagaceae,Fagales,rosids,20210329; 20210907,"Ilaine, Mickey, Adrian, James; Ilaine, Mickey, James",900611,511A,Australasia,tree,0.1586
Not_fus,0.9,0.313444858,1,0.8274051229999999,0.4953188605,Nothofagus fusca,Fuscospora fusca,(Blume) Oerst.,Fuscospora,Nothofagaceae,Fagales,rosids,20210329; 20210907,"Ilaine, Mickey, Adrian, James; Ilaine, Mickey, James",900611,511A,Australasia,tree,0.1586
Ole_eur,0.3,6.161331158,0.715777998,0.9274836399999999,0.561367482,Olea europea,Olea europaea,L.,Olea,Oleaceae,Lamiales,asterids,20210208; 20210825,"Mickey, Ilaine, Ben; Ilaine, Mickey",551110,144,Africa,tree,0.036
Ole_eur,0.6,0.7691154929999999,0.9876072975,4.082954457,0.2931282475,Olea europea,Olea europaea,L.,Olea,Oleaceae,Lamiales,asterids,20210208; 20210825,"Mickey, Ilaine, Ben; Ilaine, Mickey",551110,144,Africa,tree,0.036
Ole_eur,0.9,0.184083851,1,1.7587449309999998,0.461147473,Olea europea,Olea europaea,L.,Olea,Oleaceae,Lamiales,asterids,20210208; 20210825,"Mickey, Ilaine, Ben; Ilaine, Mickey",551110,144,Africa,tree,0.036
Ono_sen,0.3,5.19632764,0.49072959,2.246765298,0.541900162,Onoclea sensibilis,Onoclea sensibilis,L.,Onoclea,Onocleaceae,Polypodiales,ferns,20210707; 20210825,"Mickey,Adrian,Sonoma,Nguyen, Lisa, James, Jason; Ilaine, Mickey",800321,309,Eastern North America,herb,0.0479
Ono_sen,0.6,4.2325321405,0.6539409405000001,3.511918389,0.31542205700000003,Onoclea sensibilis,Onoclea sensibilis,L.,Onoclea,Onocleaceae,Polypodiales,ferns,20210707; 20210825,"Mickey,Adrian,Sonoma,Nguyen, Lisa, James, Jason; Ilaine, Mickey",800321,309,Eastern North America,herb,0.0479
Ono_sen,0.9,0.229888468,0.9816080844999999,4.6458090295000005,0.23079819899999998,Onoclea sensibilis,Onoclea sensibilis,L.,Onoclea,Onocleaceae,Polypodiales,ferns,20210707; 20210825,"Mickey,Adrian,Sonoma,Nguyen, Lisa, James, Jason; Ilaine, Mickey",800321,309,Eastern North America,herb,0.0479
Osm_ber,0.3,9.407803526999999,0.456566184,0.7953473475,0.7322341845,Osmorhiza berteroi,Osmorhiza berteroi,DC.,Osmorhiza,Apiaceae,Apiales,asterids,20210614; 20210825,"Mickey,Adrian,Somona,James,Nguyen, Sophia; Ilaine, Mickey",900317,29,California,herb,0.0318
Osm_ber,0.6,7.353842032,0.629332658,0.9425228830000001,0.4735158355,Osmorhiza berteroi,Osmorhiza berteroi,DC.,Osmorhiza,Apiaceae,Apiales,asterids,20210614; 20210825,"Mickey,Adrian,Somona,James,Nguyen, Sophia; Ilaine, Mickey",900317,29,California,herb,0.0318
Osm_ber,0.9,0.314375872,1,1.790073074,0.136162354,Osmorhiza berteroi,Osmorhiza berteroi,DC.,Osmorhiza,Apiaceae,Apiales,asterids,20210614; 20210825,"Mickey,Adrian,Somona,James,Nguyen, Sophia; Ilaine, Mickey",900317,29,California,herb,0.0318
Pae_bro,0.3,4.2465665665,0.7313699665,0.797152525,0.6227351839999999,Paeonia broteri,Paeonia broteroi,Boiss. & Reut.,Paeonia,Paeoniaceae,Saxifragales,basal eudicots,20210524; 20210825,"Mickey,Adrian,James; Ilaine, Mickey",921535,703,Mediterranean,herb,0.0822
Pae_bro,0.6,0.106677336,0.974552117,0.23137905400000003,0.271983769,Paeonia broteri,Paeonia broteroi,Boiss. & Reut.,Paeonia,Paeoniaceae,Saxifragales,basal eudicots,20210524; 20210825,"Mickey,Adrian,James; Ilaine, Mickey",921535,703,Mediterranean,herb,0.0822
Pae_bro,0.9,0.045137462,0.99041267,0.233614094,0.272204238,Paeonia broteri,Paeonia broteroi,Boiss. & Reut.,Paeonia,Paeoniaceae,Saxifragales,basal eudicots,20210524; 20210825,"Mickey,Adrian,James; Ilaine, Mickey",921535,703,Mediterranean,herb,0.0822
Par_tor,0.3,4.208665932000001,0.3585241465,6.9357152905,0.26148895699999997,Parajubaea torallyi,Parajubaea torallyi,(Mart.) Burret,Parajubaea,Arecaceae,Arecales,monocots,20210305,"Mickey, Adrian, Ilaine",20030187,611,South-America,tree,0.0126
Par_tor,0.6,0.202023998,0.968463815,37.945179795,0.0622243575,Parajubaea torallyi,Parajubaea torallyi,(Mart.) Burret,Parajubaea,Arecaceae,Arecales,monocots,20210305,"Mickey, Adrian, Ilaine",20030187,611,South-America,tree,0.0126
Par_tor,0.9,0,0,5.872305528,0.341294387,Parajubaea torallyi,Parajubaea torallyi,(Mart.) Burret,Parajubaea,Arecaceae,Arecales,monocots,20210305,"Mickey, Adrian, Ilaine",20030187,611,South-America,tree,0.0126
Per_acu,0.3,4.312645277,0.597708782,0.6708311140000001,0.378327871,Pereskia aculeata,Pereskia aculeata,Mill.,Pereskia,Cactaceae,Caryophyllales,rosids,20210623,"Ilaine, Adrian, Sonoma, James, Lisa, Nguyen",630851,159,Desert of the Americas,tree,0.0183
Per_acu,0.6,4.3125221955,0.5977564375,2.001016781,0.506353982,Pereskia aculeata,Pereskia aculeata,Mill.,Pereskia,Cactaceae,Caryophyllales,rosids,20210623,"Ilaine, Adrian, Sonoma, James, Lisa, Nguyen",630851,159,Desert of the Americas,tree,0.0183
Per_acu,0.9,2.405647528,0.729558939,1.1668832729999998,0.292067366,Pereskia aculeata,Pereskia aculeata,Mill.,Pereskia,Cactaceae,Caryophyllales,rosids,20210623,"Ilaine, Adrian, Sonoma, James, Lisa, Nguyen",630851,159,Desert of the Americas,tree,0.0183
Peu_bol,0.3,2.777184223,0.721179027,0.6609242715,0.6679853245,Peumus boldus,Peumus boldus,Molina,Peumus,Monimiaceae,Laurales,basal angiosperms,20210426,"Mickey, Adrian, Noah",361375,608,South-America,tree,0.2754
Peu_bol,0.6,0.120861726,1,2.362366574,0.446285468,Peumus boldus,Peumus boldus,Molina,Peumus,Monimiaceae,Laurales,basal angiosperms,20210426,"Mickey, Adrian, Noah",361375,608,South-America,tree,0.2754
Peu_bol,0.9,0.042564191,1,0.9000319904999999,0.5000810895,Peumus boldus,Peumus boldus,Molina,Peumus,Monimiaceae,Laurales,basal angiosperms,20210426,"Mickey, Adrian, Noah",361375,608,South-America,tree,0.2754
Phi_lat,0.3,5.357414708,0.669278695,0.67280014,0.6325297464999999,Phillyrea latifolia,Phillyrea latifolia,L.,Phillyrea,Oleaceae,Lamiales,asterids,20210524,"Mickey, Adrian,James",7901174,704,Mediterranean,tree,0.0095
Phi_lat,0.6,1.332012381,0.9450513215,1.4349813095,0.48301192800000003,Phillyrea latifolia,Phillyrea latifolia,L.,Phillyrea,Oleaceae,Lamiales,asterids,20210524,"Mickey, Adrian,James",7901174,704,Mediterranean,tree,0.0095
Phi_lat,0.9,0.17192573049999998,0.9922050495,2.7618512905,0.414110103,Phillyrea latifolia,Phillyrea latifolia,L.,Phillyrea,Oleaceae,Lamiales,asterids,20210524,"Mickey, Adrian,James",7901174,704,Mediterranean,tree,0.0095
Phi_var,0.3,2.488546297,0.50762188,0.820048235,0.645217283,Philodendrum varifolium,Philodendron variifolium,Schott,Philodendron,Araceae,Alismatales,monocots,20210818,"Ilaine, Mickey, James, Adrian, Sonoma",20120521,Greenhouse 2,Tropical house,climbing,0.2616
Phi_var,0.6,1.985236295,0.700374378,1.2854794200000002,0.436187308,Philodendrum varifolium,Philodendron variifolium,Schott,Philodendron,Araceae,Alismatales,monocots,20210818,"Ilaine, Mickey, James, Adrian, Sonoma",20120521,Greenhouse 2,Tropical house,climbing,0.2616
Phi_var,0.9,0.432796395,0.95268489,0.9538296945,0.55898907900000006,Philodendrum varifolium,Philodendron variifolium,Schott,Philodendron,Araceae,Alismatales,monocots,20210818,"Ilaine, Mickey, James, Adrian, Sonoma",20120521,Greenhouse 2,Tropical house,climbing,0.2616
Phy_pur,0.6,2.019411975,0.516073394,0.8230884839999999,0.472264313,Phyllanthus purpusii,Phyllanthus purpusii,Brandegee,Phyllanthus,Phyllanthaceae,Malpighiales,rosids,20210719,"Ilaine, Sonoma, Lisa, Nguyen, Eric",762174,356?,Mexico/Central America,tree,0.053
Phy_pur,0.9,1.565002588,0.671248694,1.0661543535,0.4311050745,Phyllanthus purpusii,Phyllanthus purpusii,Brandegee,Phyllanthus,Phyllanthaceae,Malpighiales,rosids,20210719,"Ilaine, Sonoma, Lisa, Nguyen, Eric",762174,356?,Mexico/Central America,tree,0.053
Pit_vir,0.3,5.099647765,0.680828585,0.7549196579999999,0.584001279,Pittosporum viridiflorum,Pittosporum viridiflorum,Sims,Pittosporum,Pittosporaceae,Apiales,asterids,20210210; 20210630,"Ilaine, Mickey; Mickey, Adrian, James, Lisa, Ethan",810591,141,Africa,tree,0.0264
Pit_vir,0.6,0.143805536,0.9679883185,3.271150224,0.3831921775,Pittosporum viridiflorum,Pittosporum viridiflorum,Sims,Pittosporum,Pittosporaceae,Apiales,asterids,20210210; 20210630,"Ilaine, Mickey; Mickey, Adrian, James, Lisa, Ethan",810591,141,Africa,tree,0.0264
Pit_vir,0.9,0.080349251,0.988092256,1.5378713400000001,0.605553434,Pittosporum viridiflorum,Pittosporum viridiflorum,Sims,Pittosporum,Pittosporaceae,Apiales,asterids,20210210; 20210630,"Ilaine, Mickey; Mickey, Adrian, James, Lisa, Ethan",810591,141,Africa,tree,0.0264
Pla_ori,0.3,4.349297313999999,0.6652501239999999,0.6151154515,0.7066512475,Platanus orientalis,Platanus orientalis,L.,Platanus,Platanaceae,Proteales,basal eudicots,20210519,"Ilaine, Mickey, Gideon",701760216,701,Mediterranean,tree,0.0768
Pla_ori,0.6,0.51499622,0.985660909,1.621794195,0.222503995,Platanus orientalis,Platanus orientalis,L.,Platanus,Platanaceae,Proteales,basal eudicots,20210519,"Ilaine, Mickey, Gideon",701760216,701,Mediterranean,tree,0.0768
Pla_ori,0.9,0.136034337,0.993966467,0.17983374399999996,0.209975053,Platanus orientalis,Platanus orientalis,L.,Platanus,Platanaceae,Proteales,basal eudicots,20210519,"Ilaine, Mickey, Gideon",701760216,701,Mediterranean,tree,0.0768
Pol_cor,0.3,7.895085967,0.586077855,0.7843432035000001,0.606661619,Polygala cornuta,Rhinotropis cornuta,Kellogg,Rhinotropis,Polygalaceae,Fabales,rosids,20210906,"Mickey, Adrian, James, Somona, Sophia",910823,23B,California,shrub,0.1828
Pol_cor,0.6,5.0827729999999995,0.750611778,0.9637878915,0.483106427,Polygala cornuta,Rhinotropis cornuta,Kellogg,Rhinotropis,Polygalaceae,Fabales,rosids,20210906,"Mickey, Adrian, James, Somona, Sophia",910823,23B,California,shrub,0.1828
Pol_cor,0.9,0.800850457,0.9434440895,4.0682070454999995,0.242921398,Polygala cornuta,Rhinotropis cornuta,Kellogg,Rhinotropis,Polygalaceae,Fabales,rosids,20210906,"Mickey, Adrian, James, Somona, Sophia",910823,23B,California,shrub,0.1828
Pol_cri,0.3,2.082335661,0.6533019755,1.9914446215000001,0.524177506,Pollia crispata,Pollia crispata,(R.Br.) Benth.,Pollia,Commelinaceae,Commelinales,monocots,20210412,"Mickey, Adrian",20030330,513,Australasia,herb,0.0489
Pol_cri,0.6,0.20720767499999998,0.872476748,2.3290917149999997,0.4808544265,Pollia crispata,Pollia crispata,(R.Br.) Benth.,Pollia,Commelinaceae,Commelinales,monocots,20210412,"Mickey, Adrian",20030330,513,Australasia,herb,0.0489
Pol_cri,0.9,0.051554090999999996,0.9131218275,2.3550215555,0.487587512,Pollia crispata,Pollia crispata,(R.Br.) Benth.,Pollia,Commelinaceae,Commelinales,monocots,20210412,"Mickey, Adrian",20030330,513,Australasia,herb,0.0489
Pol_vir,0.3,5.090176038,0.660577997,0.7248490080000001,0.598302586,Polygonum virginianum,Persicaria virginiana,L.,Persicaria,Polygonaceae,Caryophyllales,rosids,20210707,"Mickey,Adrian,Sonoma,Nguyen, Lisa, James, Jason",840652,304,Eastern North America,herb,0.0396
Pol_vir,0.6,0.3789530485,0.9850141434999999,0.877294005,0.6223245075,Polygonum virginianum,Persicaria virginiana,L.,Persicaria,Polygonaceae,Caryophyllales,rosids,20210707,"Mickey,Adrian,Sonoma,Nguyen, Lisa, James, Jason",840652,304,Eastern North America,herb,0.0396
Pol_vir,0.9,0.055489155,0.998644148,0.88972818,0.625646523,Polygonum virginianum,Persicaria virginiana,L.,Persicaria,Polygonaceae,Caryophyllales,rosids,20210707,"Mickey,Adrian,Sonoma,Nguyen, Lisa, James, Jason",840652,304,Eastern North America,herb,0.0396
Pro_hoo,0.3,4.696040216,0.688625298,0.8204182499999999,0.606921543,Prosartes hooker,Prosartes hookeri,Torr.,Prosartes,Liliaceae,Liliales,monocots,20210706,"Mickey, Adrian, Lisa, James, Sophia",651083,21A,California,herb,0.0502
Pro_hoo,0.6,2.228562708,0.861368651,1.060951716,0.550717216,Prosartes hooker,Prosartes hookeri,Torr.,Prosartes,Liliaceae,Liliales,monocots,20210706,"Mickey, Adrian, Lisa, James, Sophia",651083,21A,California,herb,0.0502
Pro_hoo,0.9,0.091914246,1,0.843311038,0.680990437,Prosartes hooker,Prosartes hookeri,Torr.,Prosartes,Liliaceae,Liliales,monocots,20210706,"Mickey, Adrian, Lisa, James, Sophia",651083,21A,California,herb,0.0502
Pte_esc,0.9,2.836005466,0.775019953,1.7500558119999998,0.480490401,Pteridium esculentum,Pteridium esculentum,(G. Forst.) Cockayne,Pteridium,Dennstaedtiaceae,Polypodiales,ferns,20210421; 20210927; 20211006,"Mickey, Adrian,Jason; Ilaine, James; Mickey, James",950197,513,Australasia,herb,0.095
Puy_alp,0.3,0.165939001,1,57.39958586,0.048634468,Puya alpestris,Puya alpestris,(Poepp.) Gay,Puya,Bromeliaceae,Commelinales,monocots,20210623; 20210825,"Ilaine, Adrian, Sonoma, James, Lisa, Nguyen; Ilaine, Mickey",560083,167,Desert of the Americas,herb,0.0136
Puy_alp,0.6,0,1,47.680469645,0.058509177499999995,Puya alpestris,Puya alpestris,(Poepp.) Gay,Puya,Bromeliaceae,Commelinales,monocots,20210623; 20210825,"Ilaine, Adrian, Sonoma, James, Lisa, Nguyen; Ilaine, Mickey",560083,167,Desert of the Americas,herb,0.0136
Puy_alp,0.9,0,0,29.10639112,0.096529009,Puya alpestris,Puya alpestris,(Poepp.) Gay,Puya,Bromeliaceae,Commelinales,monocots,20210623; 20210825,"Ilaine, Adrian, Sonoma, James, Lisa, Nguyen; Ilaine, Mickey",560083,167,Desert of the Americas,herb,0.0136
Qui_sap,0.3,4.6543320564999995,0.7410387894999999,0.8444971415,0.6091411065000001,Quillaja saponaria,Quillaja saponaria,Molina,Quillaja,Quillajaceae,Fabales,rosids,20210426,"Mickey, Adrian, Noah",361419,611,South-America,tree,0.2666
Qui_sap,0.6,0.121303691,0.964012576,0.44278796900000006,0.395218263,Quillaja saponaria,Quillaja saponaria,Molina,Quillaja,Quillajaceae,Fabales,rosids,20210426,"Mickey, Adrian, Noah",361419,611,South-America,tree,0.2666
Qui_sap,0.9,0.038789484,1,0.44377295399999994,0.398777293,Quillaja saponaria,Quillaja saponaria,Molina,Quillaja,Quillajaceae,Fabales,rosids,20210426,"Mickey, Adrian, Noah",361419,611,South-America,tree,0.2666
Ran_lae,0.3,2.820048987,0.726947543,0.6949749220000001,0.582965721,Randia laetevirens,Randia laetevirens,Standl.,Randia,Rubiaceae,Gentianales,asterids,20210721,"Ilaine, Sonoma, James",910152,371,Mexico/Central America,tree,0.0149
Ran_lae,0.6,1.1118462365,0.8720670375,1.00099652,0.5198097370000001,Randia laetevirens,Randia laetevirens,Standl.,Randia,Rubiaceae,Gentianales,asterids,20210721,"Ilaine, Sonoma, James",910152,371,Mexico/Central America,tree,0.0149
Ran_lae,0.9,0.311753571,0.911287876,0.9280072669999999,0.589689052,Randia laetevirens,Randia laetevirens,Standl.,Randia,Rubiaceae,Gentianales,asterids,20210721,"Ilaine, Sonoma, James",910152,371,Mexico/Central America,tree,0.0149
Res_lut,0.3,4.331420626,0.658674578,1.1440488825,0.5489470635,Reseda luteola,Reseda luteola,L.,Reseda,Resedaceae,Brassicales,rosids,20210408,"Mickey, Sonoma, Ilaine, Jason",990665,425,Herb Garden,herb,0.1046
Res_lut,0.6,0.67691101,0.9700086035,12.45043592,0.1025521385,Reseda luteola,Reseda luteola,L.,Reseda,Resedaceae,Brassicales,rosids,20210408,"Mickey, Sonoma, Ilaine, Jason",990665,425,Herb Garden,herb,0.1046
Res_lut,0.9,0.207009144,1,10.52806051,0.108247635,Reseda luteola,Reseda luteola,L.,Reseda,Resedaceae,Brassicales,rosids,20210408,"Mickey, Sonoma, Ilaine, Jason",990665,425,Herb Garden,herb,0.1046
Rha_pir,0.3,3.919690617,0.650479056,0.8731966659999999,0.660970943,Rhamnus piripolia,Rhamnus pirifolia,Greene,Rhamnus,Rhamnaceae,Rosales,rosids,20210614; 20210825,"Mickey,Adrian,Somona,James,Nguyen,Sophia; Ilaine, Mickey",671218,29,California,shrub,0.0297
Rha_pir,0.6,0.610158659,0.985029024,2.135379435,0.398656731,Rhamnus piripolia,Rhamnus pirifolia,Greene,Rhamnus,Rhamnaceae,Rosales,rosids,20210614; 20210825,"Mickey,Adrian,Somona,James,Nguyen,Sophia; Ilaine, Mickey",671218,29,California,shrub,0.0297
Rha_pir,0.9,0.079083756,0.987593516,0.695664992,0.542338801,Rhamnus piripolia,Rhamnus pirifolia,Greene,Rhamnus,Rhamnaceae,Rosales,rosids,20210614; 20210825,"Mickey,Adrian,Somona,James,Nguyen,Sophia; Ilaine, Mickey",671218,29,California,shrub,0.0297
Rib_vib,0.6,3.536235716,0.7236991165,1.0863872515,0.4508206525,Ribes viburnifolium,Ribes viburnifolium,A. Gray,Ribes,Grossulariaceae,Saxifragales,basal eudicots,20210602,"MIckey, Adrian, Ilaine, Sophia, Frances",851431,9,California,shrub,0.0301
Rib_vib,0.9,1.831337188,0.857009881,1.2107428335,0.417988086,Ribes viburnifolium,Ribes viburnifolium,A. Gray,Ribes,Grossulariaceae,Saxifragales,basal eudicots,20210602,"MIckey, Adrian, Ilaine, Sophia, Frances",851431,9,California,shrub,0.0301
Rom_cou,0.3,1.605728421,0.729497381,0.966322637,0.550196697,Romneya coulteri,Romneya coulteri,Harv.,Romneya,Papaveraceae,Ranunculales,basal eudicots,20210706,"Mickey, Adrian, Lisa, James, Sophia",501640,12A,California,shrub,0.0956
Rom_cou,0.6,0.128745914,0.9842113244999999,0.26283667850000003,0.1228378135,Romneya coulteri,Romneya coulteri,Harv.,Romneya,Papaveraceae,Ranunculales,basal eudicots,20210706,"Mickey, Adrian, Lisa, James, Sophia",501640,12A,California,shrub,0.0956
Rom_cou,0.9,0.039050575,0.995128655,0.25615380899999995,0.123496923,Romneya coulteri,Romneya coulteri,Harv.,Romneya,Papaveraceae,Ranunculales,basal eudicots,20210706,"Mickey, Adrian, Lisa, James, Sophia",501640,12A,California,shrub,0.0956
Rub_odo,0.3,3.431945403,0.773465958,0.5996746690000001,0.499392985,Rubus odoratus,Rubus odoratus,L.,Rubus,Rosaceae,Rosales,rosids,20210707,"Mickey,Adrian,Sonoma,Nguyen, Lisa, James, Jason",760803,304,Eastern North America,shrub,0.1935
Rub_odo,0.6,0.558162113,0.934138741,0.821133485,0.422867734,Rubus odoratus,Rubus odoratus,L.,Rubus,Rosaceae,Rosales,rosids,20210707,"Mickey,Adrian,Sonoma,Nguyen, Lisa, James, Jason",760803,304,Eastern North America,shrub,0.1935
Rub_odo,0.9,0.05101354,1,0.17390981500000002,0.103027659,Rubus odoratus,Rubus odoratus,L.,Rubus,Rosaceae,Rosales,rosids,20210707,"Mickey,Adrian,Sonoma,Nguyen, Lisa, James, Jason",760803,304,Eastern North America,shrub,0.1935
Rub_tin,0.3,7.115784808,0.602568064,0.7190467535,0.7076006665000001,Rubia tinctorum,Rubia tinctorum,L.,Rubia,Rubiaceae,Gentianales,asterids,20210804,"Mickey, Sonoma, Ilaine, Jason",730744,425,Herb Garden,herb,0.0303
Rub_tin,0.6,4.615899443,0.848606812,0.9510294269999999,0.46976882200000003,Rubia tinctorum,Rubia tinctorum,L.,Rubia,Rubiaceae,Gentianales,asterids,20210804,"Mickey, Sonoma, Ilaine, Jason",730744,425,Herb Garden,herb,0.0303
Rub_tin,0.9,0.148356036,0.982846469,2.332018177,0.357148471,Rubia tinctorum,Rubia tinctorum,L.,Rubia,Rubiaceae,Gentianales,asterids,20210804,"Mickey, Sonoma, Ilaine, Jason",730744,425,Herb Garden,herb,0.0303
Sag_lat,0.3,1.818127863,0.708659424,1.999759134,0.356717456,Sagittaria latifolia,Sagittaria latifolia,Willd.,Sagittaria,Alismataceae,Alismatales,monocots,20210804,"Mickey, Sonoma, Ilaine, Jason",82209,404,Herb Garden,aquatic,0.1119
Sag_lat,0.6,0.076833016,0.978228797,0.7120083875,0.2279691535,Sagittaria latifolia,Sagittaria latifolia,Willd.,Sagittaria,Alismataceae,Alismatales,monocots,20210804,"Mickey, Sonoma, Ilaine, Jason",82209,404,Herb Garden,aquatic,0.1119
Sag_lat,0.9,0.0251053725,0.9967501905,0.712041838,0.2281614555,Sagittaria latifolia,Sagittaria latifolia,Willd.,Sagittaria,Alismataceae,Alismatales,monocots,20210804,"Mickey, Sonoma, Ilaine, Jason",82209,404,Herb Garden,aquatic,0.1119
Sal_sco,0.3,2.267827542,0.698688756,0.798893179,0.660579944,Salix scouleriana,Salix scouleriana,Barratt ex Hook.,Salix,Salicaceae,Malpighiales,rosids,20210614; 20210825,"Mickey,Adrian,Somona,James,Nguyen,Sophia; Ilaine, Mickey",770174,4,California,tree,0.0207
Sal_sco,0.6,0.145882906,1,0.89104691,0.580005564,Salix scouleriana,Salix scouleriana,Barratt ex Hook.,Salix,Salicaceae,Malpighiales,rosids,20210614; 20210825,"Mickey,Adrian,Somona,James,Nguyen,Sophia; Ilaine, Mickey",770174,4,California,tree,0.0207
Sal_sco,0.9,0.060087593,1,0.890652489,0.56614917,Salix scouleriana,Salix scouleriana,Barratt ex Hook.,Salix,Salicaceae,Malpighiales,rosids,20210614; 20210825,"Mickey,Adrian,Somona,James,Nguyen,Sophia; Ilaine, Mickey",770174,4,California,tree,0.0207
Sam_nig,0.3,5.279101082,0.6930701105,0.7529448999999999,0.5814830854999999,Sambucus nigra,Sambucus nigra,L.,Sambucus,Adoxaceae,Dipsacales,asterids,20210614; 20210825,"Mickey,Adrian,Somona,James,Nguyen,Sophia; Ilaine, Mickey",710153,29,California,tree,0.0594
Sam_nig,0.6,2.171601163,0.901552242,1.3201967884999999,0.34665875749999997,Sambucus nigra,Sambucus nigra,L.,Sambucus,Adoxaceae,Dipsacales,asterids,20210614; 20210825,"Mickey,Adrian,Somona,James,Nguyen,Sophia; Ilaine, Mickey",710153,29,California,tree,0.0594
Sam_nig,0.9,0.049413784,1,0.7035335490000001,0.548082549,Sambucus nigra,Sambucus nigra,L.,Sambucus,Adoxaceae,Dipsacales,asterids,20210614; 20210825,"Mickey,Adrian,Somona,James,Nguyen,Sophia; Ilaine, Mickey",710153,29,California,tree,0.0594
Sau_cer,0.3,1.710773445,0.814551973,0.923309596,0.520566118,Saururus cernus,Saururus cernuus,L.,Saururus,Saururaceae,Piperales,basal angiosperms,20210714; 20210825,"Ilaine, Sonoma, James, Lisa, Nguyen, Jason; Ilaine, Mickey",780467,302,Eastern North America,herb,0.091
Sau_cer,0.6,0.281656724,0.952516672,0.556774879,0.672556695,Saururus cernus,Saururus cernuus,L.,Saururus,Saururaceae,Piperales,basal angiosperms,20210714; 20210825,"Ilaine, Sonoma, James, Lisa, Nguyen, Jason; Ilaine, Mickey",780467,302,Eastern North America,herb,0.091
Sau_cer,0.9,0.076083552,0.983240436,0.566435684,0.67987521,Saururus cernus,Saururus cernuus,L.,Saururus,Saururaceae,Piperales,basal angiosperms,20210714; 20210825,"Ilaine, Sonoma, James, Lisa, Nguyen, Jason; Ilaine, Mickey",780467,302,Eastern North America,herb,0.091
Sau_mad,0.3,2.7391727159999997,0.6805633145000001,0.6735916035,0.6421431835,Saurauia madrensis,Saurauia madrensis,B.T. Keller & Breedlove,Saurauia,Actinidiaceae,Ericales,asterids,20210719,"Ilaine, Sonoma, Lisa, Nguyen, Eric",900440,356?,Mexico/Central America,tree,0.0885
Sau_mad,0.6,0.414682765,0.9381701259999999,0.9938005885000001,0.5064842905,Saurauia madrensis,Saurauia madrensis,B.T. Keller & Breedlove,Saurauia,Actinidiaceae,Ericales,asterids,20210719,"Ilaine, Sonoma, Lisa, Nguyen, Eric",900440,356?,Mexico/Central America,tree,0.0885
Sau_mad,0.9,0.14609936099999998,0.984098973,1.752689435,0.3211109875,Saurauia madrensis,Saurauia madrensis,B.T. Keller & Breedlove,Saurauia,Actinidiaceae,Ericales,asterids,20210719,"Ilaine, Sonoma, Lisa, Nguyen, Eric",900440,356?,Mexico/Central America,tree,0.0885
Sch_pol,0.3,9.861369609,0.617635579,1.256840123,0.549737884,Schinus polygama,Schinus polygama,(Cav.) Cabrera,Schinus,Anacardiaceae,Sapindales,rosids,20210428,"Mickey, Adrian, Noah",600498,601,South-America,tree,0.0355
Sch_pol,0.6,9.247887821,0.675913759,0.913755841,0.4489591155,Schinus polygama,Schinus polygama,(Cav.) Cabrera,Schinus,Anacardiaceae,Sapindales,rosids,20210428,"Mickey, Adrian, Noah",600498,601,South-America,tree,0.0355
Sch_pol,0.9,5.449912615,0.825865169,1.262071084,0.32459883,Schinus polygama,Schinus polygama,(Cav.) Cabrera,Schinus,Anacardiaceae,Sapindales,rosids,20210428,"Mickey, Adrian, Noah",600498,601,South-America,tree,0.0355
Sim_chi,0.3,4.071092134,0.705453449,0.945885281,0.556801052,Simmondsia chinensis,Simmondsia chinensis,(Link) C.K. Schneid.,Simmondsia,Simmondsiaceae,Caryophyllales,rosids,20210609; 20210915,"Mickey, Adrian, James, Somona, Sophia; Mickey, Sophia",610369,24,California,shrub,0.2672
Sim_chi,0.6,1.063833907,0.885298677,1.146233122,0.40214599,Simmondsia chinensis,Simmondsia chinensis,(Link) C.K. Schneid.,Simmondsia,Simmondsiaceae,Caryophyllales,rosids,20210609; 20210915,"Mickey, Adrian, James, Somona, Sophia; Mickey, Sophia",610369,24,California,shrub,0.2672
Sim_chi,0.9,0.332921182,0.983771858,1.5801110765,0.673563811,Simmondsia chinensis,Simmondsia chinensis,(Link) C.K. Schneid.,Simmondsia,Simmondsiaceae,Caryophyllales,rosids,20210609; 20210915,"Mickey, Adrian, James, Somona, Sophia; Mickey, Sophia",610369,24,California,shrub,0.2672
Smi_his,0.3,2.7164477094999997,0.712442728,0.755174316,0.6612728935000001,Smilax hispida,Smilax tamnoides,Muhl. ex Torr.,Smilax,Smilacaceae,Liliales,monocots,20210714; 20210825; 20210920,"Ilaine, Sonoma, James, Lisa, Nguyen, Jason; Ilaine, Mickey; Ilaine",850648,304,Eastern North America,herb,0.0102
Smi_his,0.6,1.298792466,0.834393495,0.875616159,0.583106693,Smilax hispida,Smilax tamnoides,Muhl. ex Torr.,Smilax,Smilacaceae,Liliales,monocots,20210714; 20210825; 20210920,"Ilaine, Sonoma, James, Lisa, Nguyen, Jason; Ilaine, Mickey; Ilaine",850648,304,Eastern North America,herb,0.0102
Smi_his,0.9,0.057064485,0.996929089,0.289305339,0.559124217,Smilax hispida,Smilax tamnoides,Muhl. ex Torr.,Smilax,Smilacaceae,Liliales,monocots,20210714; 20210825; 20210920,"Ilaine, Sonoma, James, Lisa, Nguyen, Jason; Ilaine, Mickey; Ilaine",850648,304,Eastern North America,herb,0.0102
Sol_lig,0.3,1.3779848395,0.7465398544999999,0.9734515585,0.5797848910000001,Solanum ligustrinum,Solanum ligustrinum,G. Lodd.,Solanum,Solanaceae,Solanales,asterids,20210802,"Mickey, Somona, Ethan",830264,608,South-America,tree,0.0397
Sol_lig,0.6,0.539507019,0.899944349,1.373521093,0.461807744,Solanum ligustrinum,Solanum ligustrinum,G. Lodd.,Solanum,Solanaceae,Solanales,asterids,20210802,"Mickey, Somona, Ethan",830264,608,South-America,tree,0.0397
Sol_lig,0.9,0.096032268,0.9853905805000001,1.7842022224999998,0.594414997,Solanum ligustrinum,Solanum ligustrinum,G. Lodd.,Solanum,Solanaceae,Solanales,asterids,20210802,"Mickey, Somona, Ethan",830264,608,South-America,tree,0.0397
Sta_chi,0.3,2.702898558,0.779596856,0.7478563600000001,0.610258602,Stachyurus chinensis,Stachyurus chinensis,Franch.,Stachyurus,Stachyuraceae,Crossosomatales,rosids,20210823,"Mickey, James",801160,219,Asia,tree,0.036
Sta_chi,0.6,0.764196198,0.942668954,0.504427701,0.510585725,Stachyurus chinensis,Stachyurus chinensis,Franch.,Stachyurus,Stachyuraceae,Crossosomatales,rosids,20210823,"Mickey, James",801160,219,Asia,tree,0.036
Sta_chi,0.9,0.0912252985,0.9967420785000001,0.502964087,0.6346849969999999,Stachyurus chinensis,Stachyurus chinensis,Franch.,Stachyurus,Stachyuraceae,Crossosomatales,rosids,20210823,"Mickey, James",801160,219,Asia,tree,0.036
Tas_lan,0.3,2.5978410855,0.6877246895,1.977051393,0.5266581415,Tasmannia lanceolata,Tasmannia lanceolata,(Poir.) A.C. Sm.,Tasmannia,Winteraceae,Canellales,basal angiosperms,20210704,"Mickey, Ilaine",600052,508,Australasia,shrub,0.1012
Tas_lan,0.6,0.38170523349999996,0.991197284,2.8676635939999997,0.330498146,Tasmannia lanceolata,Tasmannia lanceolata,(Poir.) A.C. Sm.,Tasmannia,Winteraceae,Canellales,basal angiosperms,20210704,"Mickey, Ilaine",600052,508,Australasia,shrub,0.1012
Tas_lan,0.9,0.155666076,1,2.867305202,0.3273285065,Tasmannia lanceolata,Tasmannia lanceolata,(Poir.) A.C. Sm.,Tasmannia,Winteraceae,Canellales,basal angiosperms,20210704,"Mickey, Ilaine",600052,508,Australasia,shrub,0.1012
Tec_spe,0.3,5.964730165,0.672390578,0.7287221245,0.5863656500000001,Tecomanthe speciosa,Tecomanthe speciosa,W.R.B.Oliv.,Tecomanthe,Bignoniaceae,Lamiales,asterids,20210412; 20210913,"Mickey, Adrian; Ilaine, James",20020957,508,Australasia,tree,0.0649
Tec_spe,0.6,0.250799133,0.939155302,0.6477343179999999,0.635192343,Tecomanthe speciosa,Tecomanthe speciosa,W.R.B.Oliv.,Tecomanthe,Bignoniaceae,Lamiales,asterids,20210412; 20210913,"Mickey, Adrian; Ilaine, James",20020957,508,Australasia,tree,0.0649
Tec_spe,0.9,0.072121987,0.965732341,0.660073962,0.720514166,Tecomanthe speciosa,Tecomanthe speciosa,W.R.B.Oliv.,Tecomanthe,Bignoniaceae,Lamiales,asterids,20210412; 20210913,"Mickey, Adrian; Ilaine, James",20020957,508,Australasia,tree,0.0649
Tod_bar,0.3,3.463649015,0.7269675170000001,1.4680817375,0.484031873,Todea barbara,Todea barbara,T. Moore,Todea,Osmundaceae,Osmundales,ferns,20210414; 20210927,"Mickey, Adrian, Ilaine; Ilaine, James",590561,513,Australasia,tree,0.5725
Tod_bar,0.6,2.50110588,0.76520429,2.201957448,0.433121848,Todea barbara,Todea barbara,T. Moore,Todea,Osmundaceae,Osmundales,ferns,20210414; 20210927,"Mickey, Adrian, Ilaine; Ilaine, James",590561,513,Australasia,tree,0.5725
Tod_bar,0.9,1.868377214,0.878228889,3.665189645,0.294556689,Todea barbara,Todea barbara,T. Moore,Todea,Osmundaceae,Osmundales,ferns,20210414; 20210927,"Mickey, Adrian, Ilaine; Ilaine, James",590561,513,Australasia,tree,0.5725
Tri_lan,0.3,6.239697713,0.438594897,1.445579838,0.601743081,Trichostema lanatum,Trichostema lanatum,Benth.,Trichostema,Lamiaceae,Lamiales,asterids,20210609,"Mickey, Adrian, James, Somona, Sophia",820779,24,California,shrub,0.0982
Tri_lan,0.6,4.939838989,0.595860266,1.23599025,0.439901934,Trichostema lanatum,Trichostema lanatum,Benth.,Trichostema,Lamiaceae,Lamiales,asterids,20210609,"Mickey, Adrian, James, Somona, Sophia",820779,24,California,shrub,0.0982
Tri_lan,0.9,1.4694799760000001,0.8934999645,17.548943715,0.11480186349999999,Trichostema lanatum,Trichostema lanatum,Benth.,Trichostema,Lamiaceae,Lamiales,asterids,20210609,"Mickey, Adrian, James, Somona, Sophia",820779,24,California,shrub,0.0982
Tro_ara,0.3,6.207688808,0.730700597,0.82507668,0.532029876,Trochodendron aralioides,Trochodendron aralioides,Siebold & Zucc.,Trochodendron,Trochodendraceae,Trochodendrales,basal eudicots,20210308,"Ilaine, Mickey, Adrian",610594,242,Asia,tree,0.1753
Tro_ara,0.6,0.154230425,0.985266238,1.011645095,0.557470097,Trochodendron aralioides,Trochodendron aralioides,Siebold & Zucc.,Trochodendron,Trochodendraceae,Trochodendrales,basal eudicots,20210308,"Ilaine, Mickey, Adrian",610594,242,Asia,tree,0.1753
Tro_ara,0.9,0.032895813499999996,0.9978872830000001,1.0160715574999999,0.5547409725,Trochodendron aralioides,Trochodendron aralioides,Siebold & Zucc.,Trochodendron,Trochodendraceae,Trochodendrales,basal eudicots,20210308,"Ilaine, Mickey, Adrian",610594,242,Asia,tree,0.1753
Ure_car,0.3,2.107033648,0.809165529,0.618394415,0.558713615,Urera caracasana,Urera caracasana,(Jacq.) Gaudich. ex Griseb.,Urera,Urticaceae,Rosales,rosids,20210809,"Ilaine, Adrian",762135,359,Mexico/Central America,tree,0.0959
Ure_car,0.6,0.49663382,0.951848141,0.8229876949999999,0.54202704,Urera caracasana,Urera caracasana,(Jacq.) Gaudich. ex Griseb.,Urera,Urticaceae,Rosales,rosids,20210809,"Ilaine, Adrian",762135,359,Mexico/Central America,tree,0.0959
Ure_car,0.9,0.0474442405,0.9905855195,1.213613149,0.2758696315,Urera caracasana,Urera caracasana,(Jacq.) Gaudich. ex Griseb.,Urera,Urticaceae,Rosales,rosids,20210809,"Ilaine, Adrian",762135,359,Mexico/Central America,tree,0.0959
Vio_gla,0.3,3.753650358,0.740549166,0.620878491,0.600257418,Viola glabella,Viola glabella,Nutt.,Viola,Violaceae,Malpighiales,rosids,20210602,"MIckey, Adrian, Ilaine, Sophia, Frances",530299,18A,California,herb,0.0183
Vio_gla,0.6,2.183212604,0.836037741,0.560879382,0.543413545,Viola glabella,Viola glabella,Nutt.,Viola,Violaceae,Malpighiales,rosids,20210602,"MIckey, Adrian, Ilaine, Sophia, Frances",530299,18A,California,herb,0.0183
Vio_gla,0.9,0.398454808,0.992600635,0.19804930599999993,0.747975006,Viola glabella,Viola glabella,Nutt.,Viola,Violaceae,Malpighiales,rosids,20210602,"MIckey, Adrian, Ilaine, Sophia, Frances",530299,18A,California,herb,0.0183
